time_s,penetration_mm,contact_force_n,inertial_force_n,command_force_n,vibration_amplitude,vibration_frequency_hz,contact_strength
0.0,0.0,0.0,0.0,0.0,0.0,20.0,0.0
0.002,0.0,0.0,0.0,0.0,0.0,20.0,0.0
0.004,0.0,0.0,0.0,0.0,0.0,20.0,0.0
0.006,0.0,0.0,0.0,0.0,0.0,20.0,0.0
0.008,0.0,0.0,0.0,0.0,0.0,20.0,0.0
0.01,0.0,0.0,0.0,0.0,0.0,20.0,0.0
0.012,0.0,0.0,0.0,0.0,0.0,20.0,0.0
0.014,0.0,0.0,0.0,0.0,0.0,20.0,0.0
0.016,0.0,0.0,0.0,0.0,0.0,20.0,0.0
0.018000000000000002,0.0,0.0,0.0,0.0,0.0,20.0,0.0
0.02,0.0,0.0,0.0,0.0,0.0,20.0,0.0
0.022,0.0,0.0,0.0,0.0,0.0,20.0,0.0
0.024,0.0,0.0,0.0,0.0,0.0,20.0,0.0
0.026000000000000002,0.0,0.0,0.0,0.0,0.0,20.0,0.0
0.028,0.0,0.0,0.0,0.0,0.0,20.0,0.0
0.03,0.0,0.0,0.0,0.0,0.0,20.0,0.0
0.032,0.0,0.0,0.0,0.0,0.0,20.0,0.0
0.034,0.0,0.0,0.0,0.0,0.0,20.0,0.0
0.036000000000000004,0.0,0.0,0.0,0.0,0.0,20.0,0.0
0.038,0.0,0.0,0.0,0.0,0.0,20.0,0.0
0.04,0.0,0.0,0.0,0.0,0.0,20.0,0.0
0.042,0.0,0.0,0.0,0.0,0.0,20.0,0.0
0.044,0.0,0.0,0.0,0.0,0.0,20.0,0.0
0.046,0.0,0.0,0.0,0.0,0.0,20.0,0.0
0.048,0.0,0.0,0.0,0.0,0.0,20.0,0.0
0.05,0.0,0.0,0.0,0.0,0.0,20.0,0.0
0.052000000000000005,0.0,0.0,0.0,0.0,0.0,20.0,0.0
0.054,0.0,0.0,0.0,0.0,0.0,20.0,0.0
0.056,0.0,0.0,0.0,0.0,0.0,20.0,0.0
0.058,0.0,0.0,0.0,0.0,0.0,20.0,0.0
0.06,0.0,0.0,0.0,0.0,0.0,20.0,0.0
0.062,0.0,0.0,0.0,0.0,0.0,20.0,0.0
0.064,0.0,0.0,0.0,0.0,0.0,20.0,0.0
0.066,0.0,0.0,0.0,0.0,0.0,20.0,0.0
0.068,0.0,0.0,0.0,0.0,0.0,20.0,0.0
0.07,0.0,0.0,0.0,0.0,0.0,20.0,0.0
0.07200000000000001,0.0,0.0,0.0,0.0,0.0,20.0,0.0
0.074,0.0,0.0,0.0,0.0,0.0,20.0,0.0
0.076,0.0,0.0,0.0,0.0,0.0,20.0,0.0
0.078,0.0,0.0,0.0,0.0,0.0,20.0,0.0
0.08,0.0,0.0,0.0,0.0,0.0,20.0,0.0
0.082,0.0,0.0,0.0,0.0,0.0,20.0,0.0
0.084,0.0,0.0,0.0,0.0,0.0,20.0,0.0
0.08600000000000001,0.0,0.0,0.0,0.0,0.0,20.0,0.0
0.088,0.0,0.0,0.0,0.0,0.0,20.0,0.0
0.09,0.0,0.0,0.0,0.0,0.0,20.0,0.0
0.092,0.0,0.0,0.0,0.0,0.0,20.0,0.0
0.094,0.0,0.0,0.0,0.0,0.0,20.0,0.0
0.096,0.0,0.0,0.0,0.0,0.0,20.0,0.0
0.098,0.0,0.0,0.0,0.0,0.0,20.0,0.0
0.1,0.0,0.0,0.0,0.0,0.0,20.0,0.0
0.10200000000000001,0.0,0.0,0.0,0.0,0.0,20.0,0.0
0.10400000000000001,0.0,0.0,0.0,0.0,0.0,20.0,0.0
0.106,0.0,0.0,0.0,0.0,0.0,20.0,0.0
0.108,0.0,0.0,0.0,0.0,0.0,20.0,0.0
0.11,0.0,0.0,0.0,0.0,0.0,20.0,0.0
0.112,0.0,0.0,0.0,0.0,0.0,20.0,0.0
0.114,0.0,0.0,0.0,0.0,0.0,20.0,0.0
0.116,0.0,0.0,0.0,0.0,0.0,20.0,0.0
0.11800000000000001,0.0,0.0,0.0,0.0,0.0,20.0,0.0
0.12,0.0,0.0,0.0,0.0,0.0,20.0,0.0
0.122,0.0,0.0,0.0,0.0,0.0,20.0,0.0
0.124,0.0,0.0,0.0,0.0,0.0,20.0,0.0
0.126,0.0,0.0,0.0,0.0,0.0,20.0,0.0
0.128,0.0,0.0,0.0,0.0,0.0,20.0,0.0
0.13,0.0,0.0,0.0,0.0,0.0,20.0,0.0
0.132,0.0,0.0,0.0,0.0,0.0,20.0,0.0
0.134,0.0,0.0,0.0,0.0,0.0,20.0,0.0
0.136,0.0,0.0,0.0,0.0,0.0,20.0,0.0
0.138,0.0,0.0,0.0,0.0,0.0,20.0,0.0
0.14,0.0,0.0,0.0,0.0,0.0,20.0,0.0
0.14200000000000002,0.0,0.0,0.0,0.0,0.0,20.0,0.0
0.14400000000000002,0.0,0.0,0.0,0.0,0.0,20.0,0.0
0.146,0.0,0.0,0.0,0.0,0.0,20.0,0.0
0.148,0.0,0.0,0.0,0.0,0.0,20.0,0.0
0.15,0.0,0.0,0.0,0.0,0.0,20.0,0.0
0.152,0.0,0.0,0.0,0.0,0.0,20.0,0.0
0.154,0.0,0.0,0.0,0.0,0.0,20.0,0.0
0.156,0.0,0.0,0.0,0.0,0.0,20.0,0.0
0.158,0.0,0.0,0.0,0.0,0.0,20.0,0.0
0.16,0.0,0.0,0.0,0.0,0.0,20.0,0.0
0.162,0.0,0.0,0.0,0.0,0.0,20.0,0.0
0.164,0.0,0.0,0.0,0.0,0.0,20.0,0.0
0.166,0.0,0.0,0.0,0.0,0.0,20.0,0.0
0.168,0.0,0.0,0.0,0.0,0.0,20.0,0.0
0.17,0.0,0.0,0.0,0.0,0.0,20.0,0.0
0.17200000000000001,0.0,0.0,0.0,0.0,0.0,20.0,0.0
0.17400000000000002,0.0,0.0,0.0,0.0,0.0,20.0,0.0
0.176,0.0,0.0,0.0,0.0,0.0,20.0,0.0
0.178,0.0,0.0,0.0,0.0,0.0,20.0,0.0
0.18,0.0,0.0,0.0,0.0,0.0,20.0,0.0
0.182,0.0,0.0,0.0,0.0,0.0,20.0,0.0
0.184,0.0,0.0,0.0,0.0,0.0,20.0,0.0
0.186,0.0,0.0,0.0,0.0,0.0,20.0,0.0
0.188,0.0,0.0,0.0,0.0,0.0,20.0,0.0
0.19,0.0,0.0,0.0,0.0,0.0,20.0,0.0
0.192,0.0,0.0,0.0,0.0,0.0,20.0,0.0
0.194,0.0,0.0,0.0,0.0,0.0,20.0,0.0
0.196,0.0,0.0,0.0,0.0,0.0,20.0,0.0
0.198,0.0,0.0,0.0,0.0,0.0,20.0,0.0
0.2,0.0,0.0,0.0,0.0,0.0,20.0,0.0
0.202,0.0,0.0,0.0,0.0,0.0,20.0,0.0
0.20400000000000001,0.0,0.0,0.0,0.0,0.0,20.0,0.0
0.20600000000000002,0.0,0.0,0.0,0.0,0.0,20.0,0.0
0.20800000000000002,0.0,0.0,0.0,0.0,0.0,20.0,0.0
0.21,0.0,0.0,0.0,0.0,0.0,20.0,0.0
0.212,0.0,0.0,0.0,0.0,0.0,20.0,0.0
0.214,0.0,0.0,0.0,0.0,0.0,20.0,0.0
0.216,0.0,0.0,0.0,0.0,0.0,20.0,0.0
0.218,0.0,0.0,0.0,0.0,0.0,20.0,0.0
0.22,0.0,0.0,0.0,0.0,0.0,20.0,0.0
0.222,0.0,0.0,0.0,0.0,0.0,20.0,0.0
0.224,0.0,0.0,0.0,0.0,0.0,20.0,0.0
0.226,0.0,0.0,0.0,0.0,0.0,20.0,0.0
0.228,0.0,0.0,0.0,0.0,0.0,20.0,0.0
0.23,0.0,0.0,0.0,0.0,0.0,20.0,0.0
0.232,0.0,0.0,0.0,0.0,0.0,20.0,0.0
0.234,0.0,0.0,0.0,0.0,0.0,20.0,0.0
0.23600000000000002,0.0,0.0,0.0,0.0,0.0,20.0,0.0
0.23800000000000002,0.0,0.0,0.0,0.0,0.0,20.0,0.0
0.24,0.0,0.0,0.0,0.0,0.0,20.0,0.0
0.242,0.0,0.0,0.0,0.0,0.0,20.0,0.0
0.244,0.0,0.0,0.0,0.0,0.0,20.0,0.0
0.246,0.0,0.0,0.0,0.0,0.0,20.0,0.0
0.248,0.0,0.0,0.0,0.0,0.0,20.0,0.0
0.25,0.0,0.0,0.0,0.0,0.0,20.0,0.0
0.252,0.0,0.0,0.0,0.0,0.0,20.0,0.0
0.254,0.0,0.0,0.0,0.0,0.0,20.0,0.0
0.256,0.0,0.0,0.0,0.0,0.0,20.0,0.0
0.258,0.0,0.0,0.0,0.0,0.0,20.0,0.0
0.26,0.0,0.0,0.0,0.0,0.0,20.0,0.0
0.262,0.0,0.0,0.0,0.0,0.0,20.0,0.0
0.264,0.0,0.0,0.0,0.0,0.0,20.0,0.0
0.266,0.0,0.0,0.0,0.0,0.0,20.0,0.0
0.268,0.0,0.0,0.0,0.0,0.0,20.0,0.0
0.27,0.0,0.0,0.0,0.0,0.0,20.0,0.0
0.272,0.0,0.0,0.0,0.0,0.0,20.0,0.0
0.274,0.0,0.0,0.0,0.0,0.0,20.0,0.0
0.276,0.0,0.0,0.0,0.0,0.0,20.0,0.0
0.278,0.0,0.0,0.0,0.0,0.0,20.0,0.0
0.28,0.0,0.0,0.0,0.0,0.0,20.0,0.0
0.28200000000000003,0.0,0.0,0.0,0.0,0.0,20.0,0.0
0.28400000000000003,0.0,0.0,0.0,0.0,0.0,20.0,0.0
0.28600000000000003,0.0,0.0,0.0,0.0,0.0,20.0,0.0
0.28800000000000003,0.0,0.0,0.0,0.0,0.0,20.0,0.0
0.29,0.0,0.0,0.0,0.0,0.0,20.0,0.0
0.292,0.0,0.0,0.0,0.0,0.0,20.0,0.0
0.294,0.0,0.0,0.0,0.0,0.0,20.0,0.0
0.296,0.0,0.0,0.0,0.0,0.0,20.0,0.0
0.298,0.0,0.0,0.0,0.0,0.0,20.0,0.0
0.3,0.0,0.0,0.0,0.0,0.0,20.0,0.0
0.302,0.0,0.0,0.0,0.0,0.0,20.0,0.0
0.304,0.0,0.0,0.0,0.0,0.0,20.0,0.0
0.306,0.0,0.0,0.0,0.0,0.0,20.0,0.0
0.308,0.0,0.0,0.0,0.0,0.0,20.0,0.0
0.31,0.0,0.0,0.0,0.0,0.0,20.0,0.0
0.312,0.0,0.0,0.0,0.0,0.0,20.0,0.0
0.314,0.0,0.0,0.0,0.0,0.0,20.0,0.0
0.316,0.0,0.0,0.0,0.0,0.0,20.0,0.0
0.318,0.0,0.0,0.0,0.0,0.0,20.0,0.0
0.32,0.0,0.0,0.0,0.0,0.0,20.0,0.0
0.322,0.0,0.0,0.0,0.0,0.0,20.0,0.0
0.324,0.0,0.0,0.0,0.0,0.0,20.0,0.0
0.326,0.0,0.0,0.0,0.0,0.0,20.0,0.0
0.328,0.0,0.0,0.0,0.0,0.0,20.0,0.0
0.33,0.0,0.0,0.0,0.0,0.0,20.0,0.0
0.332,0.0,0.0,0.0,0.0,0.0,20.0,0.0
0.334,0.0,0.0,0.0,0.0,0.0,20.0,0.0
0.336,0.0,0.0,0.0,0.0,0.0,20.0,0.0
0.338,0.0,0.0,0.0,0.0,0.0,20.0,0.0
0.34,0.0,0.0,0.0,0.0,0.0,20.0,0.0
0.342,0.0,0.0,0.0,0.0,0.0,20.0,0.0
0.34400000000000003,0.0,0.0,0.0,0.0,0.0,20.0,0.0
0.34600000000000003,0.0,0.0,0.0,0.0,0.0,20.0,0.0
0.34800000000000003,0.0,0.0,0.0,0.0,0.0,20.0,0.0
0.35000000000000003,0.0,0.0,0.0,0.0,0.0,20.0,0.0
0.352,0.0,0.0,0.0,0.0,0.0,20.0,0.0
0.354,0.0,0.0,0.0,0.0,0.0,20.0,0.0
0.356,0.0,0.0,0.0,0.0,0.0,20.0,0.0
0.358,0.0,0.0,0.0,0.0,0.0,20.0,0.0
0.36,0.0,0.0,0.0,0.0,0.0,20.0,0.0
0.362,0.0,0.0,0.0,0.0,0.0,20.0,0.0
0.364,0.0,0.0,0.0,0.0,0.0,20.0,0.0
0.366,0.0,0.0,0.0,0.0,0.0,20.0,0.0
0.368,0.0,0.0,0.0,0.0,0.0,20.0,0.0
0.37,0.0,0.0,0.0,0.0,0.0,20.0,0.0
0.372,0.0,0.0,0.0,0.0,0.0,20.0,0.0
0.374,0.0,0.0,0.0,0.0,0.0,20.0,0.0
0.376,0.0,0.0,0.0,0.0,0.0,20.0,0.0
0.378,0.0,0.0,0.0,0.0,0.0,20.0,0.0
0.38,0.0,0.0,0.0,0.0,0.0,20.0,0.0
0.382,0.0,0.0,0.0,0.0,0.0,20.0,0.0
0.384,0.0,0.0,0.0,0.0,0.0,20.0,0.0
0.386,0.0,0.0,0.0,0.0,0.0,20.0,0.0
0.388,0.0,0.0,0.0,0.0,0.0,20.0,0.0
0.39,0.0,0.0,0.0,0.0,0.0,20.0,0.0
0.392,0.0,0.0,0.0,0.0,0.0,20.0,0.0
0.394,0.0,0.0,0.0,0.0,0.0,20.0,0.0
0.396,0.0,0.0,0.0,0.0,0.0,20.0,0.0
0.398,0.0,0.0,0.0,0.0,0.0,20.0,0.0
0.4,0.0,0.0,0.0,0.0,0.0,20.0,0.0
0.402,0.0,0.0,0.0,0.0,0.0,20.0,0.0
0.404,0.0,0.0,0.0,0.0,0.0,20.0,0.0
0.406,0.0,0.0,0.0,0.0,0.0,20.0,0.0
0.40800000000000003,0.0,0.0,0.0,0.0,0.0,20.0,0.0
0.41000000000000003,0.0,0.0,0.0,0.0,0.0,20.0,0.0
0.41200000000000003,0.0,0.0,0.0,0.0,0.0,20.0,0.0
0.41400000000000003,0.0,0.0,0.0,0.0,0.0,20.0,0.0
0.41600000000000004,0.0,0.0,0.0,0.0,0.0,20.0,0.0
0.418,0.0,0.0,0.0,0.0,0.0,20.0,0.0
0.42,0.0,0.0,0.0,0.0,0.0,20.0,0.0
0.422,0.0,0.0,0.0,0.0,0.0,20.0,0.0
0.424,0.0,0.0,0.0,0.0,0.0,20.0,0.0
0.426,0.0,0.0,0.0,0.0,0.0,20.0,0.0
0.428,0.0,0.0,0.0,0.0,0.0,20.0,0.0
0.43,0.0,0.0,0.0,0.0,0.0,20.0,0.0
0.432,0.0,0.0,0.0,0.0,0.0,20.0,0.0
0.434,0.0,0.0,0.0,0.0,0.0,20.0,0.0
0.436,0.0,0.0,0.0,0.0,0.0,20.0,0.0
0.438,0.0,0.0,0.0,0.0,0.0,20.0,0.0
0.44,0.0,0.0,0.0,0.0,0.0,20.0,0.0
0.442,0.0,0.0,0.0,0.0,0.0,20.0,0.0
0.444,0.0,0.0,0.0,0.0,0.0,20.0,0.0
0.446,0.0,0.0,0.0,0.0,0.0,20.0,0.0
0.448,0.0,0.0,0.0,0.0,0.0,20.0,0.0
0.45,4.2,2.8514537886316114,0.00038249299001969113,0.36,0.13073879580617614,67.54453250462886,0.5845510761050359
0.452,4.221814998682568,2.865859063961362,0.0006783290917439544,0.7199999999377554,0.13126578874147846,67.58785196331868,0.5875061289251096
0.454,4.243628673157461,2.880258755607723,0.0009067345102927908,1.0799999997674778,0.13179248922731923,67.63087955666391,0.5904591960309893
0.456,4.265439699297381,2.8946519894848177,0.001082718322649584,1.4399999994444768,0.13231889190812024,67.67361445232187,0.593410283173485
0.458,4.2872467531357925,2.9090378918987696,0.0012179990759179356,1.7999999989019089,0.1328449850627251,67.71605582361194,0.5963593555545632
0.46,4.309048510947285,2.9234155896007326,0.0013217273918925136,2.159999997980813,0.1333707519927501,67.7582028495315,0.5993063467633758
0.462,4.330843649327924,2.937784209839901,0.0014010495147668046,2.409004663016038,0.1338961721075513,67.80005471477193,0.6022511657540095
0.464,4.352630845275588,2.952142880416487,0.001461546849642486,2.420774809174745,0.13442122177209437,67.84161060973426,0.6051937022936863
0.466,4.374408776270274,2.9664907297346645,0.0015075788221287655,2.4325353248666457,0.13494587496959143,67.88286973054491,0.6081338312166614
0.468,4.396176120354377,2.9808268868554766,0.001542550367242721,2.4442856629832024,0.13547010381945826,67.92383127907124,0.6110714157458006
0.47000000000000003,4.417931556212934,2.9951504815497003,0.0015691206574690328,2.4560252403459417,0.1359938789822886,67.96449446293691,0.6140063100864854
0.47200000000000003,4.439673763253836,3.009460644350676,0.001589366015245877,2.4677534458106187,0.13651716997661104,68.0048584955373,0.6169383614526547
0.47400000000000003,4.461401421687983,3.023756506607083,0.0016049070978562746,2.479469646598971,0.13703994542677467,68.04492259605469,0.6198674116497428
0.47600000000000003,4.483113212609397,3.038037200535666,0.001617008215730873,2.491173193247564,0.13756217325707018,68.08468598947336,0.622793298311891
0.47800000000000004,4.504807818075293,3.052301859273915,0.001626654910107911,2.5028634234777267,0.13808382084388493,68.12414790659456,0.6257158558694317
0.48,4.526483921186067,3.066549616932682,0.0016346145646050664,2.514539665223769,0.1386048551351015,68.16330758405147,0.6286349163059423
0.482,4.54814020616524,3.0807796086487444,0.0016414837728995408,2.52620123900456,0.1391252427439299,68.20216426432386,0.63155030975114
0.484,4.569775358439328,3.094990970637303,0.0016477253652542715,2.537847459782863,0.13964495002278715,68.24071719575282,0.6344618649457158
0.486,4.591388064717638,3.1091828402444133,0.0016536973584474052,2.5494776384250737,0.14016394312160466,68.27896563255528,0.6373694096062684
0.488,4.612977013071989,3.1233543559993535,0.001659675596513344,2.5610910828492424,0.14068218803398325,68.31690883483846,0.6402727707123106
0.49,4.634540893016345,3.1375046576669137,0.0016658714622502038,2.572687098929922,0.14119965063386422,68.35454606861407,0.6431717747324806
0.492,4.6560783955863645,3.151632886299617,0.00167244573731933,2.5842649912133333,0.14171629670480035,68.39187660581268,0.6460662478033333
0.494,4.6775882134188596,3.165738184289856,0.0016795194530211566,2.595824063484543,0.14223209196345155,68.42889972429771,0.6489560158711357
0.496,4.699069040831152,3.179819695421952,0.001687182389772893,2.6073636192192033,0.14274700207857446,68.46561470787935,0.6518409048048008
0.498,4.720519573900332,3.1938765649241314,0.001695499739519622,2.6188829619452236,0.14326099268649514,68.50202084632856,0.6547207404863059
0.5,4.741938510542408,3.2079079395204086,0.0017045173329143602,2.6303813955341755,0.1437740294038388,68.53811743539063,0.6575953488835439
0.502,4.763324550591346,3.221912967482382,0.00171426574521368,2.641858224437865,0.14428607783811767,68.57390377679896,0.6604645561094663
0.504,4.78467639587799,3.2358907986809347,0.0017247635260937539,2.6533127538821275,0.14479710359664905,68.60937917828846,0.6633281884705319
0.506,4.805992750308866,3.2498405846378433,0.0017360197448228927,2.6647442900272234,0.14530707229416948,68.64454295360905,0.6661860725068058
0.508,4.827272319944855,3.263761478577273,0.0017480360001755771,2.676152140102168,0.1458159495594318,68.67939442253879,0.669038035025542
0.51,4.848513813079737,3.2776526354771893,0.0017608080115974107,2.6875356125187166,0.1463237010410086,68.71393291089717,0.6718839031296792
0.512,4.869715940318604,3.291513212120644,0.0017743268824423387,2.6988940169694424,0.14683029241247608,68.74815775055806,0.6747235042423606
0.514,4.890877414656119,3.3053423671469617,0.0017885801060461223,2.7102266645134057,0.1473356893771144,68.78206827946273,0.6775566661283514
0.516,4.911996951554651,3.3191392611028165,0.0018035523697531655,2.721532867652102,0.1478398576722302,68.81566384163253,0.6803832169130255
0.518,4.933073269022241,3.3329030564931803,0.0018192261998200446,2.7328119403978213,0.1483427630731851,68.84894378718172,0.6832029850994553
0.52,4.954105087690425,3.3466329178321668,0.0018355824806269344,2.744063198336054,0.14884437139719253,68.88190747232993,0.6860157995840135
0.522,4.975091130891888,3.3603280116937455,0.0018526008742475735,2.755285958683236,0.14934464850693518,68.91455425941464,0.688821489670809
0.524,4.996030124737969,3.3739875067623273,0.0018702601606962433,2.7664795403408267,0.14984356031404097,68.9468835169036,0.6916198850852067
0.526,5.01692079819598,3.387610573883237,0.001888538514722973,2.7776432639465107,0.15034107278244857,68.97889461940689,0.6944108159866277
0.528,5.037761883166364,3.401196386113031,0.0019074137315808906,2.7887764519231184,0.1508371519316854,69.01058694768918,0.6971941129807796
0.53,5.058552114559669,3.4147441187697045,0.0019268634115191603,2.7998784285257576,0.1513317638400778,69.04195988868159,0.6999696071314394
0.532,5.079290230373345,3.4282529494827503,0.001946865110686784,2.8109485198875066,0.151824874647906,69.07301283549361,0.7027371299718767
0.534,5.099974971768343,3.441722058243071,0.0019673964645305756,2.821986054063966,0.15231645056051696,69.1037451874248,0.7054965135159915
0.536,5.120605083145534,3.4551506274527624,0.0019884352885287133,2.8329903610768943,0.15280645785140157,69.1341563499765,0.7082475902692236
0.538,5.141179312221926,3.4685378419747392,0.0020099596601371077,2.8439607729570953,0.15329486286524463,69.16424573486316,0.7109901932392738
0.54,5.161696410106673,3.4818828891822164,0.0020319479850754237,2.8548966237866953,0.15378163202095133,69.19401276002391,0.7137241559466738
0.542,5.182155131376897,3.4951849590080384,0.0020543790504936807,2.8657972497409196,0.1542667318146555,69.2234568496337,0.7164493124352299
0.544,5.202554234153274,3.508443243993847,0.0020772320671007803,2.876661989129435,0.15475012882271097,69.25257743411449,0.7191654972823588
0.546,5.222892480175428,3.5216569393391017,0.002100486701973832,2.8874901824373462,0.15523178970467008,69.2813739501462,0.7218725456093366
0.548,5.243168634877091,3.534825242949929,0.002124123103479352,2.8982811723658597,0.15571168120624926,69.30984584067774,0.7245702930914649
0.55,5.263381467461043,3.547947355487808,0.00214812191950706,2.9090343038726916,0.15618977016228466,69.33799255493763,0.7272585759681729
0.552,5.283529750973827,3.5610224804180977,0.0021724643100310575,2.919748924212216,0.15666602349967743,69.36581354844475,0.729937231053054
0.554,5.303612262380223,3.5740498240583856,0.0021971319548616175,2.9304243829753958,0.15714040824032952,69.39330828301885,0.7326060957438489
0.556,5.323627782637489,3.587028595626663,0.0022221070573260697,2.941060032129496,0.15761289150407132,69.42047622679101,0.735265008032374
0.558,5.343575096769365,3.599958007289331,0.00224737234451353,2.951655226057608,0.15808344051157994,69.4473168542138,0.737913806514402
0.56,5.3634529939398154,3.6128372742090185,0.0022729110646311584,2.9622093215979834,0.1585520225872898,69.47382964607156,0.7405523303994959
0.562,5.383260267526532,3.6256656145922292,0.002298706981945804,2.9727216780831935,0.1590186051622943,69.50001408949045,0.7431804195207984
0.5640000000000001,5.402995715194182,3.638442249736792,0.0023247443697218487,2.983191657379098,0.15948315577723923,69.52586967794824,0.7457979143447745
0.5660000000000001,5.4226581389673845,3.6511664040791345,0.002351008001511739,2.9936186239236564,0.1599456420852078,69.5513959112843,0.7484046559809141
0.5680000000000001,5.442246345303439,3.663837305241355,0.0023774831411086574,3.004001944765558,0.1604060318545966,69.5765922957091,0.7510004861913895
0.5700000000000001,5.461759145164765,3.6764541840781146,0.0024041555314297984,3.014340989602687,0.160864292971983,69.60145834381389,0.7535852474006718
0.5720000000000001,5.481195354091088,3.68901627472332,0.0024310113825628727,3.0246351308204145,0.16132039344498353,69.62599357458004,0.7561587827051036
0.5740000000000001,5.50055379227133,3.701522814636615,0.0024580373591770207,3.0348837435297216,0.16177430140510263,69.65019751338839,0.7587209358824304
0.5760000000000001,5.519833284615233,3.7139730446496664,0.0024852205674716875,3.045086205605153,0.16222598511057207,69.67406969202844,0.7612715514012882
0.578,5.539032660824685,3.7263662090122507,0.002512548541812671,3.055241897722594,0.16267541294918056,69.69760964870736,0.7638104744306485
0.58,5.558150755464761,3.7387015554381247,0.002540009231183143,3.06535020339688,0.16312255344109297,69.72081692805895,0.76633755084922
0.582,5.577186408034466,3.7509783351506933,0.0025675909855585664,3.0754105090192247,0.16356737524165976,69.7436910811525,0.7688526272548062
0.584,5.596138463037178,3.7631958029284625,0.002595282542297851,3.0854222038944794,0.1640098471442151,69.76623166550138,0.7713555509736199
0.586,5.615005770050792,3.7753532171502706,0.002623073012628477,3.095384680278201,0.16444993808286415,69.78843824507165,0.7738461700695503
0.588,5.6337871837975495,3.7874498398403134,0.002650951868290532,3.105297333413559,0.16488761713525998,69.81031039029052,0.7763243333533898
0.59,5.65248156421356,3.7994849367129326,0.0026789089283933832,3.11515956156804,0.16532285352536727,69.83184767805459,0.77878989039201
0.592,5.671087776518005,3.811457777217195,0.0027069343465289004,3.124970766069981,0.16575561662621588,69.85304969173808,0.7812426915174953
0.594,5.689604691282022,3.823367634581234,0.0027350185981766207,3.1347303513449125,0.1661858759626412,69.87391602120091,0.7836825878362281
0.596,5.708031184497259,3.835213785856366,0.002763152468428801,3.144437724951711,0.16661360121401264,69.8944462627966,0.7861094312379278
0.598,5.72636613764411,3.84699551196098,0.0027913270400569006,3.1540922976185635,0.1670387622169487,69.91464001938009,0.7885230744046409
0.6,5.744608437759604,3.858712097724178,0.00281953368193545,3.16369348327874,0.16746132896802024,69.93449690031537,0.790923370819685
0.602,5.76275697750497,3.870362831929194,0.0028477640378345315,3.173240699106168,0.16788127162643907,69.95401652148314,0.793310174776542
0.604,5.780810655232851,3.8819470073565645,0.0028760100155879906,3.1827333655508117,0.16829856051673384,69.97319850528817,0.7956833413877029
0.606,5.798768375054174,3.893463920827058,0.002904263776641026,3.192170906373857,0.16871316613141163,69.99204248066663,0.7980427265934642
0.608,5.816629046904679,3.904912873244356,0.002932517725977874,3.201552748682683,0.16912505913360562,70.01054808309324,0.8003881871706707
0.61,5.834391586611081,3.9162931696374943,0.0029607645024278305,3.210878322965646,0.16953421035970792,70.02871495458832,0.8027195807414115
0.612,5.852054915956882,3.9276041192030466,0.0029889969693457806,3.2201470631266447,0.16994059082198779,70.0465427437248,0.8050367657816612
0.614,5.869617962747826,3.9388450353470565,0.0030172082056617285,3.2293584065194887,0.17034417171119534,70.06403110563488,0.8073396016298722
0.616,5.887079660876979,3.9500152357267164,0.003045391497292405,3.2385117939820476,0.17074492439914846,70.08117970201683,0.8096279484955119
0.618,5.904438950389441,3.961114042291786,0.0030735403289069265,3.247606669870197,0.1711428204413059,70.09798820114145,0.8119016674675492
0.62,5.9216947775466915,3.9721407813257525,0.0031016483760375993,3.2566424820915456,0.1715378315793231,70.1144562778585,0.8141606205228864
0.622,5.938846094890552,3.983094783486723,0.0031297094975262607,3.2656186821389497,0.1719299297435922,70.13058361360305,0.8164046705347374
0.624,5.955891861306768,3.9939753838480603,0.0031577177282960714,3.274534725123809,0.1723190870557662,70.14636989640157,0.8186336812809523
0.626,5.972831042088208,4.004781921938738,0.003185667272438287,3.283390069809141,0.17270527583126494,70.16181482087796,0.8208475174522852
0.628,5.989662608997667,4.015513741783441,0.0032135524966033255,3.292184178642438,0.17308846858176594,70.17691808825957,0.8230460446606095
0.63,6.006385540330287,4.026170191942374,0.0032413679236853107,3.3009165177882958,0.17346863801767576,70.19167940638283,0.8252291294470739
0.632,6.0229988209755785,4.036750625550813,0.003269108226789246,3.3095865571608183,0.1738457570505861,70.206098489699,0.8273966392902046
0.634,6.039501442479032,4.04725440035837,0.003296768223470013,3.3181937704557973,0.17421979879570995,70.22017505927965,0.8295484426139493
0.636,6.055892403103337,4.057680878767973,0.003324342870232491,3.3267376351826594,0.17459073657430105,70.2339088428221,0.8316844087956649
0.638,6.072170707889193,4.068029427874577,0.0033518272572822605,3.335217632696181,0.1749585439160543,70.24729957465462,0.8338044081740452
0.64,6.088335368715698,4.078299419503576,0.0033792166035165423,3.343633248227974,0.1753231945614876,70.26034699574163,0.8359083120569935
0.642,6.104385404360332,4.088490230248942,0.003406506251745261,3.35198397091773,0.17568466246430497,70.27305085368869,0.8379959927294325
0.644,6.12031984055852,4.098601241511054,0.003433691664132392,3.360269293844235,0.17604292179374026,70.28541090274736,0.8400673234610587
0.646,6.136137710062773,4.108631839534264,0.003460768417848004,3.3684887140561366,0.17639794693688163,70.29742690382,0.8421221785140341
0.648,6.151838052701396,4.1185814154441385,0.003487732200921741,3.376641732602477,0.17674971250097612,70.30909862446434,0.8441604331506193
0.65,6.167419915436777,4.128449365284429,0.0035145788082887614,3.3847278545629798,0.17709819331571466,70.32042583889805,0.8461819636407449
0.652,6.182882352423239,4.138235090053729,0.0035413041380194764,3.392746589078094,0.1774433644354963,70.33140832800301,0.8481866472695235
0.654,6.198224425064446,4.147937995741828,0.0035679041877247565,3.400697449378786,0.17778520114167243,70.34204587932965,0.8501743623446965
0.656,6.213445202070388,4.157557493365781,0.0035943750511285674,3.4085799528160923,0.17812367894477021,70.35233828710098,0.8521449882040231
0.658,6.228543759513906,4.167092999005656,0.003620712914800337,3.4163936208904193,0.1784587735866952,70.36228535221663,0.8540984052226048
0.66,6.243519180886779,4.176543933839974,0.0036469140550396467,3.424137979280581,0.17879046104291227,70.37188688225665,0.8560344948201453
0.662,6.2583705571553505,4.18590972418085,0.0036729748349061627,3.4318125578726,0.17911871752460587,70.38114269148527,0.85795313946815
0.664,6.2730969868157205,4.195189801508815,0.0036988917013880134,3.4394168907882396,0.17944351948081796,70.39005260085445,0.8598542226970599
0.666,6.287697575948456,4.204383602507325,0.003724661182702106,3.446950516413284,0.17976484360056436,70.39861643800742,0.861737629103321
0.668,6.302171438272861,4.21349056909696,0.003750279885720202,3.4544129774255645,0.18008266681492918,70.40683403728195,0.8636032443563911
0.67,6.316517695200774,4.222510148469293,0.0037757444935147765,3.4618038208227127,0.1803969662991363,70.41470523971356,0.8654509552056782
0.672,6.330735475889899,4.231441793120452,0.003801051763019032,3.469122597949665,0.1807077194745989,70.4222298930386,0.8672806494874162
0.674,6.344823917296665,4.240284960884353,0.0038261985227956417,3.476368864525893,0.18101490401094578,70.42940785169723,0.8690922161314732
0.676,6.358782164228618,4.249039114965612,0.003851181670909073,3.483542180672374,0.18131849782802456,70.4362389768362,0.8708855451680935
0.678,6.372609369396331,4.257703723972123,0.003875998172896578,3.4906421109382944,0.1816184790978824,70.44272313631151,0.8726605277345736
0.68,6.386304693464835,4.266278261947321,0.0039006450598331652,3.4976682243274775,0.18191482624672198,70.44886020469106,0.8744170560818694
0.682,6.3998673051045705,4.27476220840211,0.003925119426486093,3.504620094324555,0.18220751795683493,70.45465006325695,0.8761550235811387
0.684,6.413296381041846,4.283155048346448,0.003949418429554641,3.5114972989208453,0.1824965331685109,70.46009260000793,0.8778743247302113
0.686,6.426591106108821,4.291456272320619,0.003973539285991101,3.518299420639985,0.1827818510819224,70.46518770966138,0.8795748551599962
0.6880000000000001,6.439750673292974,4.299665376426147,0.00399747927139916,3.525026046563255,0.1830634511589856,70.4699352936555,0.8812565116408138
0.6900000000000001,6.452774283786106,4.307781862356397,0.004021235718505989,3.531676768354662,0.18334131312519653,70.47433526015118,0.8829191920886655
0.6920000000000001,6.465661147032816,4.315805237426807,0.004044806015704568,3.53825118228571,0.18361541697144218,70.47838752403372,0.8845627955714275
0.6940000000000001,6.478410480778497,4.3237350146048135,0.004068187605662924,3.5447488892599206,0.1838857429557878,70.48209200691454,0.8861872223149801
0.6960000000000001,6.491021511116817,4.331570712539394,0.004091377983997143,3.551169494837051,0.18415227160523745,70.48544863713266,0.8877923737092628
0.6980000000000001,6.503493472536695,4.339311855590303,0.0041143746980051125,3.557512609257041,0.18441498371747064,70.48845734975612,0.8893781523142602
0.7000000000000001,6.5158256079687735,4.346957973856937,0.004137175345458213,3.56377784746367,0.184673860362553,70.49111808658317,0.8909444618659175
0.7020000000000001,6.52801716883137,4.354508603206858,0.004159777573448176,3.5699648291279336,0.18492888288462095,70.4934307961435,0.8924912072819834
0.704,6.54006741507592,4.361963285303968,0.004182179077286572,3.5760731786711317,0.1851800329035411,70.49539543369913,0.8940182946677829
0.706,6.551975615231895,4.369321567636336,0.0042043775994544605,3.5821025252876617,0.18542729231654315,70.49701196124533,0.8955256313219154
0.708,6.56374104645121,4.376583003543656,0.004226370928599864,3.5880525029675345,0.1856706432998268,70.49828034751138,0.8970131257418836
0.71,6.575362994552095,4.383747152244364,0.004248156898580867,3.593922750518581,0.18591006831014206,70.4992005679611,0.8984806876296453
0.712,6.586840754062452,4.390813578862404,0.00426973338755221,3.599712911588396,0.18614555008634368,70.49977260479339,0.899928227897099
0.714,6.598173628262677,4.3977818544536085,0.004291098317093385,3.605422634685949,0.18637707165091752,70.49999644694253,0.9013556586714873
0.716,6.609360929227949,4.404651556031748,0.0043122496513763285,3.6110515732029342,0.18660461631148148,70.49987209007845,0.9027628933007336
0.718,6.620401977869998,4.411422266594205,0.004333185396370882,3.616599385434806,0.1868281676622585,70.49939953660676,0.9041498463587015
0.72,6.631296103978309,4.418093575147286,0.004353903599086316,3.622065734601524,0.18704770958552241,70.49857879566869,0.905516433650381
0.722,6.642042646260827,4.424665076731168,0.004374402346847266,3.6274502888679927,0.18726322625301695,70.497409883141,0.9068625722169982
0.724,6.652640952384077,4.431136372444479,0.004394679766602517,3.6327527213642044,0.18747470212734652,70.49589282163561,0.9081881803410511
0.726,6.6630903790127824,4.437507069468521,0.004414734024265166,3.6379727102050885,0.18768212196333983,70.49402764049911,0.9094931775512721
0.728,6.673390291848897,4.4437767810911035,0.00443456332408274,3.6431099385100434,0.18788547080938567,70.49181437581233,0.9107774846275108
0.73,6.6835400656701225,4.449945126730021,0.0044541659080359255,3.6481640944221714,0.18808473400873998,70.48925307038952,0.9120410236055428
0.732,6.693539084367852,4.45601173195616,0.004473540055264649,3.6531348711272167,0.18827989720080623,70.48634377377758,0.9132837177818042
0.734,6.703386740984575,4.461976228516224,0.004492684081520265,3.6580219668721847,0.18847094632238628,70.4830865422551,0.9145054917180462
0.736,6.713082437750718,4.467838254355085,0.004511596338642731,3.6628250849836594,0.18865786760890357,70.47948143883124,0.9157062712459149
0.738,6.722625586120926,4.473597453637759,0.004530275214061631,3.667543933885809,0.18884064759559718,70.47552853324454,0.9168859834714522
0.74,6.732015606809796,4.479253476771019,0.004548719130320029,3.6721782271180974,0.18901927311868832,70.47122790196156,0.9180445567795243
0.742,6.741251929827035,4.4848059804246,0.004566926544620148,3.6767276833526585,0.1891937313165169,70.4665796281754,0.9191819208381646
0.744,6.750333994512062,4.490254627552045,0.004584895948389914,3.6811920264113835,0.18936400963065023,70.4615838018041,0.9202980066028459
0.746,6.759261249568039,4.495599087411168,0.00460262586686949,3.68557098528268,0.18953009580696173,70.4562405194889,0.92139274632067
0.748,6.76803315309534,4.500839035584132,0.004620114858716902,3.689864294137932,0.18969197789668196,70.45054988459235,0.922466073534483
0.75,6.7766491726244364,4.505974153997131,0.004637361515631975,3.6940716923476216,0.18984964425741843,70.44451200719631,0.9235179230869054
0.752,6.785108785148231,4.511004130939707,0.004654364461997785,3.698192924497166,0.19000308355414844,70.43812700409988,0.9245482311242915
0.754,6.793411477153794,4.515928661083669,0.004671122354538872,3.702227740402409,0.19015228476018045,70.43139499881707,0.9255569351006022
0.756,6.801556744653541,4.520747445501628,0.0046876338819955435,3.706175895124818,0.19029723715808727,70.42431612157444,0.9265439737812045
0.758,6.809544093215825,4.5254601916851405,0.0047038977648135565,3.710037148986347,0.1904379303406093,70.41689050930856,0.9275092872465868
0.76,6.8173730379949475,4.530066613562463,0.004719912754848566,3.7138112675839854,0.19057435421152755,70.40911830566341,0.9284528168959963
0.762,6.825043103760587,4.5345664315159215,0.004735677635084715,3.7174980218039897,0.1907064989865075,70.40099966098755,0.9293745054509974
0.764,6.832553824926655,4.538959372398881,0.0047511912193668,3.7210971878357912,0.1908343551939131,70.39253473233124,0.9302742969589478
0.766,6.839904745579549,4.543245169552327,0.004766452352145444,3.7246085471855794,0.19095791367559029,70.38372368344339,0.9311521367963949
0.768,6.847095419505829,4.547423562821052,0.004781459908234758,3.728031886689568,0.19107716558762097,70.3745666847684,0.932007971672392
0.77,6.85412541021931,4.551494298569453,0.004796212792581998,3.7313669985269367,0.1911921024010467,70.36506391344282,0.9328417496317342
0.772,6.860994290987547,4.5554571296969115,0.004810709940048724,3.734613680232437,0.19130271590256212,70.35521555329206,0.9336534200581093
0.774,6.867701644857749,4.559311815652815,0.004824950315203022,3.7377717347086956,0.1914089981951785,70.34502179482664,0.9344429336771739
0.776,6.874247064682079,4.563058122451141,0.004838932912122347,3.7408409702381693,0.19151094169885627,70.33448283523862,0.9352102425595423
0.778,6.880630153142376,4.566695822684667,0.0048526567542065795,3.743821200494786,0.19160853915110793,70.3235988783978,0.9359553001236965
0.78,6.886850522774268,4.570224695538779,0.004866120894000906,3.7467122445552574,0.1917017836075704,70.31237013484773,0.9366780611388144
0.782,6.8929077959906975,4.573644526804868,0.004879324413028148,3.7495139269100597,0.19179066844254639,70.30079682180161,0.9373784817275149
0.784,6.898801605104832,4.576955108893333,0.004892266421630182,3.7522260774740848,0.19187518734951564,70.2888791631382,0.9380565193685212
0.786,6.904531592352394,4.58015624084619,0.0049049460588181226,3.7548485315969717,0.19195533434161566,70.27661738939736,0.9387121328992429
0.788,6.910097409913372,4.583247728349259,0.004917362492130933,3.757381130073096,0.19203110375209162,70.26401173777566,0.939345282518274
0.79,6.915498719933135,4.586229383743973,0.00492951491750218,3.759823719151237,0.19210249023471593,70.25106245212181,0.9399559297878093
0.792,6.920735194542938,4.589101026038754,0.004941402559134618,3.76217615054391,0.19216948876417636,70.23776978293185,0.9405440376359775
0.794,6.925806515879831,4.591862480920012,0.004953024669382346,3.764438281436368,0.19223209463643456,70.22413398734442,0.941109570359092
0.796,6.930712376105947,4.594513580762719,0.004964380528640268,3.7666099744952706,0.19229030346905274,70.21015532913573,0.9416524936238176
0.798,6.9354524774271935,4.597054164640587,0.004975469445240606,3.768691097877022,0.1923441112014905,70.19583407871441,0.9421727744692555
0.8,6.940026532111323,4.599484078335836,0.0049862907553562446,3.770681525235774,0.19239351409537003,70.1811705131164,0.9426703813089435
0.802,6.944434262505403,4.601803174348555,0.004996843822910656,3.772581135731096,0.1924385087347113,70.16616491599946,0.943145283932774
0.804,6.9486754010526735,4.604011311905654,0.005007128039494224,3.7743898140353096,0.19247909202613564,70.15081757763777,0.9435974535088274
0.806,6.9527496903087815,4.606108356969413,0.0050171428242867435,3.776107450340489,0.19251526119903897,70.13512879491627,0.9440268625851223
0.808,6.956656882957411,4.608094182245616,0.0050268876239859235,3.777733940365132,0.19254701380573455,70.11909887132497,0.944433485091283
0.81,6.960396741825293,4.609968667191276,0.005036361912741692,3.77926918536048,0.1925743477215636,70.10272811695299,0.94481729634012
0.812,6.963969039896607,4.611731698021955,0.005045565192096164,3.7807130921165246,0.19259726114497636,70.08601684848267,0.9451782730291312
0.8140000000000001,6.967373560326763,4.613383167718673,0.005054496990929074,3.78206557296766,0.19261575259758212,70.06896538918335,0.945516393241915
0.8160000000000001,6.9706100964555535,4.614922976034397,0.0050631568654085635,3.783326545798001,0.1926298209241673,70.05157406890517,0.9458316364495003
0.8180000000000001,6.973678451819709,4.616351029500133,0.0050715443989471426,3.7844959340463764,0.19263946529268441,70.03384322407267,0.9461239835115941
0.8200000000000001,6.976578440164818,4.6176672414305955,0.0050796592021627235,3.7855736667109694,0.19264468519420874,70.01577319767829,0.9463934166777423
0.8220000000000001,6.979309885456636,4.618871531929475,0.005087500912844579,3.7865596783536346,0.19264548044286525,69.99736433927572,0.9466399195884087
0.8240000000000001,6.9818726218917675,4.619963827894279,0.005095069195924123,3.7874539091038613,0.19264185117572374,69.97861700497317,0.9468634772759653
0.8260000000000001,6.984266493907734,4.6209440630207785,0.005102363743450392,3.78825630466242,0.1926337978526646,69.95953155742646,0.947064076165605
0.8280000000000001,6.986491356192419,4.621812177807026,0.005109384274570139,3.7889668163046473,0.19262132125621234,69.94010836583197,0.9472417040761618
0.8300000000000001,6.988547073692878,4.622568119556973,0.005116130535512427,3.7895854008834116,0.1926044224913397,69.92034780591959,0.9473963502208529
0.8320000000000001,6.990433521623551,4.623211842383665,0.005122602299577652,3.790112020831732,0.19258310298524034,69.90025025994534,0.947528005207933
0.834,6.992150585473824,4.623743307212021,0.005128799367130901,3.79054664416505,0.1925573644870711,69.87981611668407,0.9476366610412625
0.836,6.993698161014991,4.624162481781227,0.005134721565599584,3.7908892444831865,0.19252720906766405,69.85904577142189,0.9477223111207966
0.838,6.995076154306574,4.624469340646664,0.0051403687494752485,3.791139800971932,0.19249263911920755,69.83793962594852,0.947784950242983
0.84,6.996284481702024,4.624663865181478,0.005145740800319548,3.7912982984043166,0.1924536573548973,69.81649808854955,0.9478245746010792
0.842,6.997323069853808,4.624746043577697,0.005150837626774277,3.791364727141532,0.19241026680855627,69.79472157399852,0.947841181785383
0.844,6.998191855717848,4.624715870846951,0.005155659164575443,3.7913390831335185,0.19236247083422509,69.77261050354888,0.9478347707833796
0.846,6.998890786557361,4.624573348820778,0.005160205376571318,3.791221367919213,0.19231027310572202,69.75016530492589,0.9478053419798033
0.848,6.99941981994605,4.624318486150506,0.005164476252744441,3.7910115886264473,0.19225367761617188,69.7273864123183,0.9477528971566118
0.85,6.999778923770685,4.6239512983067375,0.005168471810237536,3.79070975797153,0.19219268867750602,69.70427426636995,0.9476774394928825
0.852,6.999968076233051,4.623471807578399,0.005172192093383314,3.7903158942584607,0.19212731091993104,69.68082931417132,0.9475789735646152
0.854,6.99998726585127,4.623114019482141,0.005175637173738138,3.7900218820346394,0.19206524231750702,69.65705200925076,0.9475054705086599
0.856,6.999836491460499,4.623014441129599,0.0051788071501195345,3.7899396571520154,0.19201096792238823,69.63294281156583,0.9474849142880039
0.858,6.999515762213003,4.6228026167613185,0.005181702148647549,3.7897654459049113,0.19195230810782643,69.60850218749432,0.9474413614762278
0.86,6.999025097577592,4.622478559235401,0.0051843223227899145,3.7894992588507046,0.19188926735014972,69.58373060982531,0.9473748147126761
0.862,6.99836452733845,4.622042288222691,0.005186667853411058,3.789141112129886,0.19182185044282402,69.55862855774991,0.9472852780324715
0.864,6.997534091593317,4.6214938302055835,0.005188738948824929,3.788691027465082,0.1917500624958673,69.5331965168521,0.9471727568662704
0.866,6.996533840751062,4.6208332184764185,0.0051905358448516735,3.7881490321597306,0.19167390893523392,69.50743497909929,0.9470372580399327
0.868,6.99536383552862,4.620060493135456,0.005192058804878143,3.787515159096431,0.19159339550216906,69.4813444428328,0.9468787897741078
0.87,6.994024146947303,4.619175701088442,0.005193308119922284,3.7867894467349412,0.1915085282525335,69.45492541275823,0.9466973616837353
0.872,6.9925148563285004,4.618178896043767,0.005194284108701408,3.7859719391098516,0.19141931355609978,69.42817839993569,0.9464929847774629
0.874,6.990836055288727,4.617070138509199,0.005194987117704381,3.7850626858279046,0.19132575809581753,69.40110392176993,0.9462656714569762
0.876,6.9889878457340755,4.615849495788213,0.005195417521267757,3.784061742064987,0.1912278688670508,69.3737025020003,0.9460154355162468
0.878,6.986970339854018,4.614517041975907,0.005195575721655895,3.782969168562784,0.191125653176785,69.34597467069064,0.945742292140696
0.88,6.984783660114613,4.613072857954504,0.005195462149145094,3.7817850316250885,0.19101911864280607,69.31792096421903,0.9454462579062721
0.882,6.9824279392510515,4.61151703138844,0.005195077262111809,3.780509403113777,0.19090827319284928,69.2895419252674,0.9451273507784442
0.884,6.979903320259613,4.609849656719046,0.00519442154712497,3.7791423604444483,0.19079312506371998,69.26083810281106,0.9447855901111121
0.886,6.977209956388983,4.608070835158809,0.005193495519042481,3.777683986581726,0.19067368280038555,69.23181005210803,0.9444209966454316
0.888,6.974348011130949,4.6061806746852385,0.0051922997211119514,3.776134370034223,0.1905499552550383,69.20245833468836,0.9440335925085558
0.89,6.9713176582104746,4.604179290034303,0.005190834725075713,3.7744936048491637,0.1904219515861303,69.17278351834321,0.9436234012122909
0.892,6.968119081575158,4.602066802693468,0.005189101131280207,3.7727617906066846,0.19028968125737938,69.14278617711389,0.9431904476516711
0.894,6.9647524753840635,4.5998433408943225,0.005187099568789803,3.77093903241378,0.19015315403674718,69.1124668912808,0.942734758103445
0.896,6.9612180439959355,4.597509039604795,0.005184830695505132,3.7690254408979307,0.1900123799953889,69.08182624735211,0.9422563602244827
0.898,6.957516001956798,4.5950640405209615,0.005182295198286009,3.7670211322003855,0.18986736950657532,69.0508648380525,0.9417552830500964
0.9,6.953646573986923,4.592508492058442,0.005179493793079032,3.7649262279691094,0.18971813324458645,69.01958326231167,0.9412315569922773
0.902,6.949609994967198,4.589842549343391,0.00517642722504997,3.7627408553514043,0.18956468218357794,68.9879821252527,0.9406852138378511
0.904,6.9454065099248625,4.587066374203087,0.005173096268720992,3.7604651469861863,0.18940702759641942,68.95606203818042,0.9401162867465466
0.906,6.941036374018639,4.5841801351561005,0.005169501728112885,3.7580992409959397,0.1892451810535064,68.92382361856957,0.9395248102489849
0.908,6.936499852523238,4.581184007402072,0.005165644436892335,3.755643280978329,0.18907915442154355,68.89126749005283,0.9389108202445823
0.91,6.931797220813264,4.578078172811071,0.0051615252585243895,3.753097415997484,0.18890895986230166,68.85839428240874,0.938274353999371
0.912,6.926928764346493,4.574862819912564,0.005157145086430219,3.7504618005749526,0.18873460983134782,68.82520463154954,0.9376154501437381
0.914,6.921894778646546,4.571538143883962,0.0051525048441503,3.74773659468032,0.18855611707674816,68.79169917950895,0.93693414867008
0.916,6.916695569284954,4.568104346538779,0.005147605485513134,3.744921963721499,0.1883734946377445,68.75787857442958,0.9362304909303748
0.918,6.911331451862603,4.564561636314375,0.005142447994809636,3.7420180785346915,0.18818675584340408,68.72374347055053,0.9355045196336729
0.92,6.905802751990582,4.560910228259316,0.005137033386973342,3.7390251153740164,0.18799591431124343,68.68929452819468,0.9347562788435041
0.922,6.900109805270416,4.557150344020303,0.005131362707766544,3.73594325590081,0.1878009839458257,68.65453241375593,0.9339858139752025
0.924,6.894252957273695,4.553282211828733,0.0051254370339725245,3.7327726871726052,0.18760197893733238,68.61945779968629,0.9331931717931513
0.926,6.888232563521091,4.5493060664868334,0.005119257473594037,3.7295136016317687,0.1873989137601091,68.5840713644829,0.9323784004079422
0.928,6.882048989460789,4.54522214935342,0.00511282516605816,3.7261661970938262,0.18719180317118572,68.54837379267487,0.9315415492734566
0.93,6.875702610446297,4.541030708329238,0.005106141282427731,3.7227306767354533,0.18698066220877124,68.51236577481009,0.9306826691838633
0.932,6.869193811713656,4.536731997841912,0.005099207025619481,3.7192072490821397,0.18676550619072307,68.47604800744182,0.9298018122705349
0.934,6.8625229883580685,4.5323262788305145,0.005092023630629065,3.715596127995537,0.18654635071299205,68.43942119311525,0.9288990319988842
0.936,6.855690545309902,4.52781381872971,0.005084592364763157,3.7118975326604713,0.18632321164804178,68.40248604035388,0.9279743831651178
0.9380000000000001,6.848696897310122,4.523194891453536,0.0050769145278787954,3.7081116875716456,0.18609610514324385,68.36524326364581,0.9270279218929114
0.9400000000000001,6.841542468885102,4.518469777378765,0.005068991452630156,3.7042388225200056,0.18586504761924832,68.32769358343002,0.9260597056300014
0.9420000000000001,6.834227694320868,4.513638763327892,0.005060824504722945,3.700279172578795,0.18563005576833005,68.28983772608225,0.9250697931446987
0.9440000000000001,6.8267530176367295,4.50870214255172,0.005052415083176624,3.6962329780892884,0.18539114655271124,68.25167642390113,0.9240582445223221
0.9460000000000001,6.819118892558325,4.503660214711562,0.0050437646205946434,3.692100484646198,0.1851483372028595,68.21321041509388,0.9230251211615496
0.9480000000000001,6.811325782490087,4.498513285861049,0.005034874583442915,3.6878819430827705,0.18490164521576322,68.17444044376214,0.9219704857706926
0.9500000000000001,6.803374160487103,4.493261668427549,0.005025746472336726,3.6835776094555546,0.18465108835318234,68.13536725988745,0.9208944023638886
0.9520000000000001,6.795264509226412,4.4879056811932125,0.005016381822336309,3.679187745028869,0.18439668463987743,68.09599161931688,0.9197969362572173
0.9540000000000001,6.786997320977694,4.482445649275611,0.005006782203251294,3.674712616258932,0.18413845236181403,68.05631428374829,0.918678154064733
0.9560000000000001,6.7785730975733935,4.476881904108009,0.004996949219954281,3.6701524947776956,0.1838764100643456,68.0163360207157,0.9175381236944239
0.9580000000000001,6.76999235037826,4.471214783419235,0.004986884512703741,3.665507657376352,0.18361057655037327,67.97605760357433,0.916376914344088
0.96,6.761255600258304,4.465444631213198,0.004976589757476519,3.660778385988537,0.18334097087848378,67.93547981148575,0.9151945964971343
0.962,6.752363377549175,4.459571797747989,0.004966066666310143,3.6559649676732136,0.18306761236106428,67.89460342940272,0.9139912419183034
0.964,6.7433162220239815,4.453596639514631,0.00495531698765522,3.6510676945972476,0.18279052056239664,67.85342924805407,0.9127669236493119
0.966,6.734114682860516,4.447519519215432,0.004944342506738153,3.6460868640176716,0.18250971529672913,67.81195806392935,0.9115217160044179
0.968,6.724759318607916,4.441340805741973,0.004933145045934438,3.641022778263643,0.18222521662632665,67.77019067926348,0.9102556945659107
0.97,6.715250697152772,4.4350608741527155,0.004921726465152812,3.6358757447180956,0.18193704485950093,67.72812790202117,0.9089689361795239
0.972,6.705589395684646,4.428680105650231,0.004910088662230503,3.6306460757990755,0.1816452205486183,67.68577054588133,0.9076615189497689
0.974,6.695776000661036,4.422198887558064,0.004898233573339865,3.625334088940777,0.18134976448808765,67.64311943022133,0.9063335222351943
0.976,6.685811107771781,4.415617613297225,0.004886163173406655,3.6199401065742807,0.18105069771232785,67.60017538010112,0.9049850266435702
0.978,6.675695321902896,4.408936682362297,0.004873879476540244,3.6144644561079744,0.1807480414937148,67.55693922624732,0.9036161140269936
0.98,6.665429257099861,4.402156500297202,0.004861384536476033,3.6089074699076855,0.18044181734050857,67.51341180503708,0.9022268674769214
0.982,6.655013536530341,4.395277478670568,0.0048486804470303495,3.6032694852765,0.1801320469947608,67.46959395848198,0.900817371319125
0.984,6.644448792446366,4.388300035050757,0.0048357693425681225,3.5975508444342914,0.1798187524302027,67.42548653421169,0.8993877111085729
0.986,6.633735666145942,4.381224592980513,0.004822653398483604,3.591751894496948,0.17950195585011383,67.38109038545755,0.897937973624237
0.988,6.6228748079341315,4.374051581951254,0.004809334831694434,3.585872987455301,0.1791816796851717,67.33640637103615,0.8964682468638252
0.99,6.611866877083578,4.366781437376999,0.004795815901149331,3.579914480153761,0.17885794659128323,67.29143535533262,0.8949786200384402
0.992,6.600712541794486,4.359414600567942,0.004782098908349696,3.5738767342686524,0.17853077944739715,67.24617820828404,0.8934691835671631
0.994,6.589412479154054,4.351951518703655,0.004768186197885412,3.5677601162862635,0.17820020135329817,67.2006358053624,0.8919400290715659
0.996,6.577967375095384,4.344392644805956,0.004754080157985122,3.5615649974806014,0.17786623562738443,67.1548090275579,0.8903912493701504
0.998,6.566377924355839,4.336738437711399,0.004739783221081274,3.5552917538908497,0.17752890580442537,67.10869876136174,0.8888229384727124
1.0,6.554644830434873,4.328989362043428,0.004725297864390191,3.5489407662985495,0.17718823563330383,67.06230589874906,0.8872351915746374
1.002,6.542768805551324,4.321145888184169,0.004710626610507469,3.5425124202044787,0.17684424907474028,67.01563133716166,0.8856281050511197
1.004,6.530750570600185,4.313208492245879,0.004695772028018928,3.5360071058052562,0.1764969702990001,66.9686759794906,0.8840017764513141
1.006,6.518590855108845,4.305177656042052,0.004680736732127425,3.529425217969659,0.1761464236835852,66.92144073405882,0.8823563044924148
1.008,6.506290397192797,4.297053867058157,0.004665523385295722,3.5227671562146448,0.17579263381090754,66.87392651460345,0.8806917890536612
1.01,6.493849943510847,4.28883761842206,0.0046501346979057135,3.5160333246811097,0.17543562546594876,66.82613424025828,0.8790083311702774
1.012,6.481270249219779,4.280529408874088,0.0046345734289341845,3.5092241321093516,0.17507542363390233,66.77806483553587,0.8773060330273379
1.014,6.468552077928522,4.272129742736747,0.00461884238664536,3.5023399918142593,0.17471205349780108,66.7297192303097,0.8755849979535648
1.016,6.455696201651792,4.263639129884117,0.004602944429300418,3.495381321660227,0.17434554043612946,66.68109835979614,0.8738453304150567
1.018,6.442703400763236,4.2550580857109015,0.004586882465884162,3.4883485440357855,0.1739759100204204,66.63220316453648,0.8720871360089464
1.02,6.429574463948057,4.246387131101134,0.0045706594568490294,3.4812420858279673,0.17360318801283806,66.58303459037859,0.8703105214569918
1.022,6.416310188155143,4.2376267923965685,0.0045542784148765465,3.4740623783963884,0.1732274003637459,66.53359358845873,0.8685155945990971
1.024,6.402911378548688,4.228777601364726,0.004537742405656386,3.46680985754707,0.1728485732092608,66.48388111518308,0.8667024643867675
1.026,6.389378848459316,4.219840095166617,0.00452105454868309,3.459484963505981,0.1724667328687934,66.4338981322093,0.8648712408764953
1.028,6.375713419334718,4.210814816324129,0.004504218018070546,3.452088140892317,0.17208190584257485,66.38364560642785,0.8630220352230793
1.03,6.3619159206897775,4.201702312687102,0.004487236043384205,3.444619838691512,0.17169411880917018,66.33312450994339,0.861154959672878
1.032,6.347987190056229,4.192503137400071,0.004470111910491097,3.4370805102279847,0.17130339862297927,66.28233582005586,0.8592701275569962
1.034,6.3339280729318075,4.183217848868686,0.00445284896242752,3.429470613137617,0.17090977231172425,66.2312805192417,0.8573676532844042
1.036,6.319739422728935,4.173847010725819,0.004435450600284373,3.4217906093399817,0.1705132670739259,66.17995959513468,0.8554476523349954
1.038,6.305422100722911,4.164391191797348,0.004417920284109958,3.4140409650102983,0.17011391027636655,66.12837404050698,0.8535102412525746
1.04,6.290976975999631,4.154850966067631,0.004400261533830065,3.4062221505511396,0.16971172945154211,66.07652485324988,0.8515555376377849
1.042,6.276404925402839,4.145226912644666,0.0043824779301850905,3.3983346405638737,0.1693067522951024,66.02441303635443,0.8495836601409684
1.044,6.261706833480891,4.135519615724928,0.0043645731156838775,3.390378913819857,0.16889900666328023,65.97203959789213,0.8475947284549642
1.046,6.246883592433068,4.125729664557921,0.0043465507955738805,3.382355453231373,0.16848852057030977,65.91940555099536,0.8455888633078432
1.048,6.23193610205542,4.115857653410402,0.004328414738827221,3.3742647458223196,0.16807532218583407,65.86651191383788,0.8435661864555799
1.05,6.216865269686139,4.105904181530304,0.004310168779142066,3.3661072826986422,0.16765943983230236,65.81335970961497,0.8415268206746606
1.052,6.201672010150488,4.095869853110373,0.004291816815958732,3.3578835590185285,0.1672409019823578,65.75994996652382,0.8394708897546321
1.054,6.1863572457052705,4.085755277251477,0.0042733628154897835,3.349594073962347,0.16681973725621488,65.70628371774347,0.8373985184905868
1.056,6.1709219059828415,4.075561067925648,0.004254810811763297,3.3412393307023485,0.1663959744190275,65.65236200141499,0.8353098326755871
1.058,6.155366927934686,4.065287843938801,0.004236164907678372,3.332819836372124,0.16596964237824896,65.59818586062124,0.833204959093031
1.06,6.139693255774536,4.054936228893178,0.00421742927607185,3.324336102035819,0.1655407701809815,65.54375634336685,0.8310840255089548
1.062,6.123901840921059,4.04450685114949,0.004198608160795035,3.3157886426571106,0.1651093870113189,65.48907450255776,0.8289471606642776
1.064,6.107993641940106,4.034000343788778,0.004179705877799141,3.3071779770679526,0.1646755221876798,65.43414139598106,0.8267944942669881
1.066,6.0919696244865245,4.023417344573982,0.004160726816227995,3.298504627937075,0.16423920516013377,65.37895808628436,0.8246261569842688
1.068,6.07583076124554,4.012758495911231,0.004141675439516377,3.289769121738269,0.16380046550771982,65.3235256409553,0.8224422804345672
1.07,6.059578031873715,4.00202444481084,0.004122556286492246,3.280971988718415,0.16335933293575686,65.26784513230093,0.8202429971796037
1.072,6.0432124229394795,3.9912158428480438,0.004103373972480867,3.2721137628653056,0.16291583727314835,65.21191763742692,0.8180284407163264
1.074,6.026734927863244,3.9803333461234405,0.00408413319040872,3.2631949818752286,0.1624700084696792,65.15574423821671,0.8157987454688072
1.076,6.0101465468571025,3.9693776152231677,0.004064838711904836,3.254216187120331,0.1620218765933073,65.09932602131066,0.8135540467800827
1.078,5.993448286864112,3.9583493151788005,0.004045495388397011,3.245177923615752,0.16157147182744797,65.04266407808495,0.811294480903938
1.08,5.97664116149717,3.9472491154269873,0.004026108152200108,3.2360807399865434,0.1611188244682535,64.9857595046305,0.8090201849966359
1.082,5.959726190977494,3.936077689768811,0.004006682017593425,3.22692518843437,0.16066396492188698,64.92861340173175,0.8067312971085925
1.084,5.942704402072682,3.9248357163288867,0.003987222081883861,3.2177118247039815,0.16020692370179063,64.87122687484543,0.8044279561759954
1.086,5.925576828034389,3.913523877514203,0.00396773352645133,3.2084412080494893,0.15974773142595006,64.81360103407908,0.8021103020123723
1.088,5.908344508535611,3.9021428599726935,0.003948221617772595,3.199113901200408,0.15928641881415304,64.75573699416962,0.799778475300102
1.09,5.891008489607574,3.8906933545515625,0.003928691708419416,3.189730470327508,0.1588230166852451,64.69763587446185,0.797432617581877
1.092,5.873569823576232,3.8791760562553397,0.003909149238026559,3.180291485008438,0.1583575559543802,64.63929879888664,0.7950728712521095
1.094,5.856029568998396,3.8675916642037045,0.003889599734224933,3.1707975181931567,0.15789006763026858,64.58072689593935,0.7926993795482892
1.096,5.838388790597476,3.855940881589037,0.003870048813534735,3.1612491461691548,0.15742058281242105,64.52192129865792,0.7903122865422887
1.098,5.820648559198846,3.844224415633739,0.0038505021822131604,3.151646948526469,0.15694913268838992,64.46288314460097,0.7879117371316172
1.1,5.802809951664853,3.8324429775473066,0.0038309656370508686,3.1419915081225067,0.15647574853100787,64.40361357582574,0.7854978770306267
1.102,5.784874050829438,3.8205972824831504,0.0038114450661109727,3.1322834110466564,0.15600046169562404,64.34411373886613,0.7830708527616641
1.104,5.7668419454324145,3.8086880494951934,0.003791946449403979,3.122523246584722,0.15552330361733815,64.28438478471037,0.7806308116461805
1.106,5.748714730053374,3.796716001494214,0.0037724758594916497,3.1127116071831438,0.15504430580823256,64.22442786877887,0.7781779017957859
1.108,5.730493505045252,3.7846818652039755,0.0037530394620123703,3.102849088413041,0.15456349985460366,64.1642441509018,0.7757122721032602
1.11,5.712179376467522,3.772586371117101,0.003733643516120151,3.0929362889340584,0.15408091741419108,64.10383479529665,0.7732340722335146
1.112,5.69377345601907,3.760430253450741,0.0037142943748289738,3.0829738104580278,0.15359659021340688,64.0432009705458,0.7707434526145069
1.114,5.6752768609706985,3.7482142501019955,0.003694998485253727,3.07296225771244,0.1531105500445634,63.98234384957376,0.76824056442811
1.116,5.656690714097318,3.735939102603134,0.0036757623887385456,3.062902238403742,0.15262282876310176,63.92126460962468,0.7657255596009355
1.118,5.638016143609785,3.7236055560765715,0.0036565927208628874,3.0527943631804435,0.15213345828481972,63.85996443223937,0.7631985907951109
1.12,5.6192542830864225,3.711214359189647,0.0036374962113152583,3.0426392455960563,0.15164247058310001,63.798444503232616,0.7606598113990141
1.122,5.600406271404207,3.6987662641091745,0.003618479683624016,3.032437502071843,0.1511498976861396,63.73670601267009,0.7581093755179608
1.124,5.581473252669635,3.6862620264557835,0.0035995500547342583,3.022189751859403,0.15065577167417962,63.674750154845455,0.7555474379648508
1.1260000000000001,5.562456376149282,3.6737024052580556,0.003580714334419364,3.011896617003086,0.15016012467673664,63.61257812825722,0.7529741542507715
1.1280000000000001,5.543356796200026,3.6610881629064473,0.0035619796245153286,3.0015587223022275,0.14966298886983562,63.5501911355855,0.7503896805755569
1.1300000000000001,5.524175672198994,3.648420065107013,0.003543353117965641,2.9911766952732277,0.1491643964732445,63.487590383668845,0.7477941738183069
1.1320000000000001,5.504914168473166,3.635698880834923,0.0035248420976640928,2.980751166111454,0.14866437974771116,63.42477708348084,0.7451877915278635
1.1340000000000001,5.485573454228719,3.6229253822877894,0.0035064539350825293,2.9702827676529973,0.14816297099220246,63.36175245010664,0.7425706919132493
1.1360000000000001,5.466154703480036,3.6101003448387896,0.003488196088670284,2.9597721353362476,0.14766020254114662,63.298517702719586,0.7399430338340619
1.1380000000000001,5.446659094978453,3.5972245469896,0.003470076102011759,2.9492199071633283,0.14715610676167815,63.2350740645575,0.7373049767908321
1.1400000000000001,5.427087812140699,3.5842987703231377,0.0034521016017284084,2.9386267236613657,0.14665071605088614,63.17142276289907,0.7346566809153414
1.1420000000000001,5.4074420429770695,3.5713237994561244,0.0034342802951112246,2.927993227843611,0.1461440628330665,63.107565029040124,0.7319983069609027
1.1440000000000001,5.387722980019305,3.55830042199145,0.0034166199674697576,2.9173200651704043,0.1456361795569778,63.043502098269805,0.7293300162926011
1.1460000000000001,5.367931820248201,3.545229428470368,0.003399128479183675,2.9066078835099995,0.14512709869310153,62.97923520984662,0.7266519708774999
1.1480000000000001,5.34806976502096,3.5321116123245098,0.0033818137624429655,2.8958573330992348,0.14461685273090685,62.91476560697457,0.7239643332748087
1.1500000000000001,5.328138019998253,3.518947769827717,0.0033646838176630447,2.8850690665040584,0.14410547417611955,62.85009453677902,0.7212672666260146
1.1520000000000001,5.308137795071045,3.5057387000477123,0.0033477467095613125,2.874243738579927,0.14359299554799745,62.78522325028257,0.7185609346449817
1.154,5.288070304287147,3.492485204797591,0.0033310105628820996,2.863382006432047,0.14307944937660977,62.72015300238095,0.7158455016080117
1.156,5.267936765777517,3.479188088587147,0.003314483557757445,2.852484529375485,0.14256486820012254,62.65488505181859,0.7131211323438712
1.158,5.247738401682332,3.4658481585740457,0.0032981739246918185,2.8415519688951596,0.14204928456209068,62.589420661164425,0.7103879922237899
1.16,5.227476438076786,3.452466224514821,0.0032820899391596673,2.830584988605673,0.14153273100875535,62.52376109678739,0.7076462471514182
1.162,5.207152104896676,3.439043098715725,0.003266239915805621,2.819584254211038,0.14101524008634822,62.457907628831926,0.7048960635527595
1.164,5.186766635863735,3.4255795959834177,0.003250632202238306,2.8085504334642675,0.14049684433840273,62.391861531193435,0.7021376083660669
1.166,5.166321268410751,3.412076533575509,0.0032352751724099584,2.7974841961268373,0.13997757630307187,62.325624081493615,0.6993710490317093
1.168,5.145817243606445,3.398534731150949,0.003220177219575513,2.786386213928035,0.13945746851045374,62.259196561055724,0.6965965534820088
1.17,5.1252558060801405,3.38495501072027,0.0032053467488264353,2.7752571605241823,0.13893655347992467,62.192580254879886,0.6938142901310456
1.172,5.10463820394621,3.371338196595697,0.0031907921691963974,2.7640977114577425,0.13841486371748007,62.12577645161813,0.6910244278644356
1.174,5.083965688728316,3.3576851153411007,0.00317652188533788,2.7529085441163192,0.13789243171308374,62.05878644354951,0.6882271360290798
1.176,5.063239515283437,3.3439965957218316,0.003162544288770986,2.741690337691531,0.13736928993802502,61.99161152655509,0.6854225844228827
1.178,5.0424609417256985,3.3302734686544087,0.0031488677487080904,2.7304437731377895,0.13684547084228543,61.92425300009291,0.6826109432844474
1.18,5.021631229350001,3.316516567156081,0.003135500602460519,2.7191695331309584,0.13632100685191378,61.85671216717277,0.6797923832827396
1.182,5.0007516425554615,3.302726726294264,0.003122451145436165,2.707868302026921,0.13579593036641063,61.78899033433117,0.6769670755067303
1.184,4.979823448768658,3.2889047831358518,0.003109727620739825,2.6965407658200347,0.1352702737561224,61.72108881160585,0.6741351914550087
1.186,4.958847918366693,3.275051576696396,0.003097338208391065,2.6851876121014886,0.13474406935964495,61.65300891251059,0.6712969030253721
1.188,4.9378263246000875,3.261167947889189,0.003085291014177604,2.6738095300175706,0.13421734948123748,61.58475195400976,0.6684523825043927
1.19,4.9167599435154825,3.2472547394742097,0.0030735940581654493,2.6624072102278307,0.13369014638824656,61.516319256492785,0.6656018025569577
1.192,4.8956500538781915,3.233312796006972,0.003062255262890404,2.6509813448631605,0.13316249230854124,61.447712143748724,0.6627453362157901
1.194,4.874497937094563,3.2193429637872524,0.003051282441258958,2.639532627483775,0.1326344194279577,61.37893194294055,0.6598831568709438
1.196,4.853304877134215,3.2053460908077276,0.003040683284190055,2.628061753037121,0.13210595988775656,61.309979984579506,0.6570154382592802
1.198,4.8320721604520775,3.1913230267024897,0.003030465348032636,2.616569417815681,0.1315771457820902,61.24085760249944,0.6541423544539202
1.2,4.810801075910318,3.1772746226954807,0.003020636041797292,2.60505631941472,0.13104800915548256,61.171566133830886,0.65126407985368
1.202,4.789492914700097,3.1632017315488166,0.0030112026142436643,2.5935231566899306,0.13051858200032018,61.102106918975274,0.6483807891724827
1.204,4.768148970263188,3.149105207511023,0.0030021721408684293,2.5819706297150145,0.12998889625435536,61.03248130157899,0.6454926574287536
1.206,4.746770538213473,3.134985906265185,0.0029935515108417293,2.5703994397391896,0.1294589837982223,60.96269062850737,0.6425998599347974
1.208,4.725358916258287,3.120844684877001,0.002985347413942741,2.5588102891446196,0.12892887645296458,60.892736249818654,0.6397025722861549
1.21,4.703915404119651,3.1066824017427606,0.002977566327547611,2.5472038814037816,0.12839860597757674,60.82261951873785,0.6368009703509454
1.212,4.6824413034553745,3.0924999165372373,0.0029702145037252617,2.5355809210367597,0.1278682040665578,60.752341791630634,0.6338952302591899
1.214,4.660937917780042,3.0782980901615042,0.0029632979564984513,2.5239421135684856,0.12733770234747893,60.68190442797695,0.6309855283921214
1.216,4.639406552385887,3.0640777846906766,0.0029568224493290033,2.5122881654859053,0.12680713237856378,60.61130879034492,0.6280720413714763
1.218,4.617848514263565,3.049839863321584,0.0029507934828872126,2.5006197841951026,0.12627652564628342,60.54055624436432,0.6251549460487756
1.22,4.596265112022803,3.0355851903203677,0.0029452162831660115,2.4889376779783494,0.1257459135629644,60.469648158700224,0.6222344194945874
1.222,4.574657655812981,3.0213146309700254,0.0029400957900006463,2.4772425559511193,0.12521532746441177,60.39858590502657,0.6193106389877798
1.224,4.553027457243595,3.0070290515178812,0.0029354366460541833,2.4655351280190403,0.1246847986075458,60.327370857999526,0.6163837820047601
1.226,4.531375829304635,2.992729319123005,0.002931243186328205,2.4538161048348015,0.12415435816805397,60.256004395230974,0.6134540262087004
1.228,4.509704086286899,2.978416301803576,0.002927519428256591,2.442086197755016,0.12362403723805737,60.18448789726187,0.610521549438754
1.23,4.488013543702195,2.9640908683841873,0.0029242690624381677,2.4303461187970417,0.12309386682379235,60.11282274753547,0.6075865296992604
1.232,4.466305518203507,2.949753888443117,0.0029214954440614253,2.418596580595762,0.12256387784330772,60.04101033237063,0.6046491451489405
1.234,4.444581327505054,2.93540623225953,0.0029192015850713154,2.406838296360322,0.12203410112417681,59.96905204093498,0.6017095740900805
1.236,4.422842290302314,2.921048770760661,0.0029173901471244556,2.395071979830842,0.12150456740122585,59.89694926521802,0.5987679949577105
1.238,4.401089726191971,2.9066823754689435,0.0029160634353748685,2.3832983452350893,0.12097530731427814,59.82470340000419,0.5958245863087723
1.24,4.3793249555918194,2.8923079184491085,0.002915223393127759,2.371518107245126,0.12044635140591416,59.75231584284594,0.5928795268112815
1.242,4.357549299660603,2.8779262722552437,0.002914871597393726,2.3597319809339203,0.11991773011924806,59.67978799403665,0.5899329952334801
1.244,4.3357640802178254,2.863538309877836,0.0029150092553704306,2.347940681731951,0.11938947379572101,59.60712125658358,0.5869851704329877
1.246,4.313970619663516,2.8491449046907764,0.002915637201872968,2.3361449253837723,0.11886161267291095,59.534317036180695,0.5840362313459431
1.248,4.292170240897947,2.834746930398338,0.0029167558977282295,2.324345427904567,0.11833417688235912,59.46137674118145,0.5810863569761417
1.25,4.270364267241344,2.820345260982152,0.0029183654291424165,2.3125429055366897,0.11780719644741446,59.388301782571624,0.5781357263841724
1.252,4.248554022353548,2.8059407706481476,0.0029204655080445853,2.3007380747061825,0.11728070128109444,59.31509357394197,0.5751845186765456
1.254,4.226740830153672,2.7915343337734884,0.0029230554734028624,2.288931651979291,0.11675472118396389,59.241753531460866,0.5722329129948227
1.256,4.204926014739736,2.777126824853496,0.002926134293503705,2.277124354018965,0.11622928584203153,59.16828307384698,0.5692810885047412
1.258,4.183110900308293,2.7627191184485693,0.0029297005691784994,2.2653168975413585,0.11570442482466406,59.09468362234171,0.5663292243853396
1.26,4.161296811074044,2.7483120891310917,0.002933752537955846,2.253509999272324,0.1151801675825189,59.02095660068183,0.563377499818081
1.262,4.139485071189464,2.73390661143235,0.0029382880791122166,2.241704375903905,0.11465654344549434,58.94710343507184,0.5604260939759762
1.264,4.1176770046644116,2.7195035597894397,0.0029433047195883155,2.2299007440508265,0.1141335816206987,58.873125554156445,0.5574751860127066
1.266,4.095873935285771,2.705103808492195,0.002948799640733499,2.2180998202070077,0.11361131119043809,58.79902438899287,0.5545249550517519
1.268,4.0740771865370915,2.690708231630114,0.002954769685836054,2.2063023207020596,0.11308976111022258,58.724801373023226,0.5515755801755149
1.27,4.0522880815182445,2.6763177030392953,0.002961211368393048,2.1945089616578044,0.11256896020679125,58.65045794204671,0.5486272404144511
1.272,4.03050794286512,2.661933096249403,0.002968120881069863,2.182720458944809,0.11204893717615691,58.57599553419191,0.5456801147362023
1.274,4.00873809266933,2.6475552844306347,0.0029754941052964937,2.1709375281389276,0.11152972058166942,58.50141558988894,0.5427343820347319
1.276,3.986979852397961,2.6331851403407236,0.00298332662144513,2.159160884477866,0.11101133885209871,58.4267195518416,0.5397902211194665
1.278,3.9652345428133575,2.6188235362719574,0.00299161371953164,2.1473912428177666,0.11049382027973717,58.35190886499943,0.5368478107044417
1.28,3.94350348389295,2.604471343998232,0.0030003504103821026,2.1356293175898147,0.1099771930185222,58.27698497652978,0.5339073293974537
1.282,3.9217879947491254,2.5901294347221273,0.003009531437204725,2.123875822756869,0.10946148508217783,58.20194933578983,0.5309689556892172
1.284,3.9000893935491647,2.575798679022032,0.0030191512875071365,2.1121314717701285,0.10894672434237737,58.12680339429855,0.5280328679425321
1.286,3.8784089974352165,2.561479946799291,0.0030292042052992513,2.100396977525818,0.10843293852692498,58.05154860570858,0.5250992443814545
1.288,3.8567481224443516,2.547174107225405,0.003039684203522543,2.088673052321922,0.10792015521795882,57.97618642577817,0.5221682630804805
1.29,3.835108083428678,2.532882028689268,0.003050585076647742,2.0769604078149393,0.10740840185017357,57.90071831234299,0.5192401019537348
1.292,3.8134901939755195,2.518604578744456,0.003061900413384486,2.06525975497669,0.1068977057090641,57.82514572528788,0.5163149387441724
1.294,3.791895766327687,2.504342624056565,0.0030736236094483743,2.0535718040511544,0.10638809392918967,57.74947012651874,0.5133929510127886
1.296,3.7703261113038176,2.4900970303506007,0.0030857478803331707,2.0418972645113644,0.10587959349245893,57.6736929799341,0.5104743161278411
1.298,3.7487825382188107,2.475868662358431,0.00309826627403841,2.030236845016333,0.10537223122643584,57.597815751396915,0.5075592112540832
1.3,3.727266354804344,2.461658383766292,0.0031111716837054805,2.0185912533680392,0.10486603380266683,57.521839908706134,0.5046478133420098
1.302,3.7057788671294984,2.4474670571623647,0.0031244568601182603,2.0069611964684655,0.10436102773502894,57.44576692156836,0.5017402991171164
1.304,3.6843213795214713,2.4332955439844093,0.003138114424027518,1.9953473802766835,0.10385723937809932,57.36959826156937,0.49883684506917086
1.306,3.662895194486408,2.4191447044674783,0.0031521368782615705,1.9837505097660046,0.10335469492554628,57.29333540214571,0.49593762744150116
1.308,3.6415016126303343,2.4050153975916997,0.0031665166195890397,1.9721712888811866,0.10285342040854192,57.21697981855613,0.49304282222029666
1.31,3.6201419325802027,2.3909084810301295,0.0031812459503029055,1.9606104204956996,0.10235344169419587,57.14053298785308,0.4901526051239249
1.312,3.598817450905074,2.3768248110966974,0.003196317089498449,1.9490686063690668,0.10185478448401168,57.06399638885413,0.4872671515922667
1.314,3.5775294620374027,2.36276524269422,0.003211722184021003,1.9375465471042583,0.10135747431236404,56.987371502113376,0.4843866367760646
1.316,3.5562792581944715,2.3487306292625103,0.0032274533190627206,1.9260449421051724,0.10086153654499894,56.910659809892756,0.4815112355262931
1.318,3.535068129299944,2.3347218227265736,0.0032435025283907514,1.9145644895341727,0.10036699637755504,56.833862796133424,0.47864112238354317
1.32,3.5138973629055723,2.320739673444892,0.0032598618041922924,1.9031058862697143,0.09987387883410785,56.75698194642705,0.4757764715674286
1.322,3.492768244113029,2.3067850301578043,0.0032765231065249307,1.8916698278640374,0.09938220876573545,56.68001874798702,0.47291745696600934
1.324,3.4716820554959136,2.2928587399359928,0.0032934783723634867,1.880257008500951,0.09889201084910727,56.602974689619735,0.4700642521252377
1.326,3.450640077021885,2.278961648129056,0.0033107195242372124,1.8688681209536906,0.09840330958509468,56.52585126169578,0.46721703023842265
1.328,3.429643585974974,2.2650945983142017,0.003328238478453671,1.8575038565428672,0.09791612929740424,56.448649956121066,0.4643759641357168
1.33,3.4086938568780467,2.2512584322450366,0.003346027152907898,1.8461649050945048,0.0974304941312337,56.37137226630805,0.4615412262736262
1.332,3.3877921614154363,2.237453989800471,0.0033640774744775914,1.8348519548981628,0.09694642805195033,56.29401968714674,0.4587129887245407
1.334,3.3669397683557567,2.223682108933737,0.0033823813860069875,1.8235656926651604,0.09646395484379203,56.21659371497587,0.4558914231662901
1.336,3.346137943474877,2.209943625621523,0.003400930852883829,1.8123068034868874,0.09598309810859151,56.139095847553925,0.45307670087172186
1.338,3.325387949479096,2.1962393738132304,0.00341971786921543,1.8010759707932225,0.09550388126452279,56.061527584030124,0.4502689926983056
1.34,3.3046910459284846,2.1825701853803476,0.003438734463611213,1.7898738763110433,0.09502632754487093,55.98389042491549,0.44746846907776083
1.342,3.2840484891604382,2.168936890065959,0.003457972704580345,1.778701200022849,0.09455045999682478,55.90618587205376,0.44467530000571226
1.344,3.263461532213404,2.1553403154343718,0.0034774247055541587,1.7675586201254796,0.09407630148029228,55.828415428592386,0.4418896550313699
1.346,3.242931424750831,2.1417812868208883,0.003497082629543947,1.7564468129889534,0.09360387466673951,55.75058059895341,0.43911170324723836
1.348,3.2224594129853026,2.1282606272817017,0.0035169386934455226,1.745366453115405,0.09313320203805227,55.67268288880444,0.43634161327885124
1.35,3.2020467396028955,2.114779157543936,0.0035369851720025132,1.7343182130981445,0.09266430588542092,55.59472380502938,0.4335795532745361
1.352,3.1816946436877487,2.1013376959558316,0.003557214401440905,1.723302763580832,0.09219720830824887,55.51670485569944,0.430825690895208
1.354,3.1614043606468396,2.0879370584370602,0.003577618782787713,1.712320773216763,0.09173193121308361,55.43862755004388,0.4280801933041907
1.356,3.1411771221350038,2.074578058429207,0.0035981907848869183,1.7013729086282836,0.0912684963125715,55.3604933984208,0.4253432271570709
1.358,3.121014155980161,2.061261506846386,0.0036189229471260127,1.6904598343663257,0.0908069251244358,55.28230391228799,0.42261495859158144
1.36,3.100916686108796,2.047988212026024,0.0036398078818865374,1.6795822128700673,0.09034723897047797,55.204060604173634,0.4198955532175168
1.362,3.080885932471649,2.0347589796797814,0.0036608382767320305,1.6687407044267168,0.08988945897560212,55.125764987647045,0.4171851761066792
1.364,3.06092311096968,2.0215746128446583,0.003682006896346709,1.6579359671314413,0.08943360606686344,55.047418577289456,0.41448399178286033
1.366,3.041029433380243,2.0084359118342356,0.0037033065842380732,1.6471686568474087,0.0889797009725393,54.96902288866464,0.41179216421185216
1.368,3.021206107283546,1.9953436741901063,0.0037247302642164333,1.636439427165985,0.0885277642212246,54.89057943828965,0.40910985679149625
1.37,3.0014543359893375,1.9822986946334535,0.003746270941664095,1.6257489293670537,0.08807781614094966,54.812089743605455,0.40643723234176343
1.372,2.9817753184638676,1.969301765016815,0.003767921704606682,1.6150978123794841,0.08762987685832238,54.73355532294759,0.40377445309487103
1.374,2.9621702492571105,1.9563536742760164,0.0037896757245987145,1.6044867227417425,0.0871839662976933,54.65497769551677,0.40112168068543563
1.3760000000000001,2.9426403184302474,1.9434552083822778,0.0038115262574352406,1.5939163045626403,0.08674010418034456,54.57635838134956,0.3984790761406601
1.3780000000000001,2.9231867114834356,1.9306071502945088,0.0038334666437009174,1.5833871994822417,0.08629831002370199,54.49769890128887,0.39584679987056043
1.3800000000000001,2.9038106092838385,1.9178102799117764,0.003855490309167549,1.5729000466329104,0.08585860314057074,54.41900077695468,0.3932250116582276
1.3820000000000001,2.884513187993953,1.905065374025969,0.0038775907650506858,1.562455482600516,0.08542100263839471,54.34026553071444,0.390613870650129
1.3840000000000001,2.865295619000207,1.89237320627464,0.003899761608135447,1.5520541413857902,0.08498552741853893,54.26149468565373,0.38801353534644756
1.3860000000000001,2.8461590688418603,1.8797345470940483,0.003921996520781322,1.5416966543658437,0.08455219617559596,54.18268976554678,0.3854241635914609
1.3880000000000001,2.8271046991401887,1.8671501636723906,0.003944289270815258,1.5313836502558373,0.084121027396715,54.103852294826964,0.38284591256395933
1.3900000000000001,2.8081336665279752,1.8546208199032328,0.003966633711321913,1.5211157550708205,0.08369203936095525,54.02498379855733,0.38027893876770513
1.3920000000000001,2.789247122579301,1.8421472763391415,0.003989023780339521,1.5108935920877318,0.08326525013866211,53.94608580240109,0.37772339802193294
1.3940000000000001,2.7704462137396355,1.8297302901455113,0.004011453500469413,1.5007177818075594,0.08284067759086698,53.867159832592165,0.37517944545188986
1.3960000000000001,2.7517320812562582,1.817370615054613,0.004033916978406776,1.4905889419176837,0.08241833936871035,53.78820741590552,0.3726472354794209
1.3980000000000001,2.7331058611089682,1.8050690013198307,0.004056408404399848,1.4805076872543739,0.08199825291288829,53.709230079627794,0.37012692181359347
1.4000000000000001,2.714568683941143,1.79282619567013,0.004078922051644363,1.470474629765474,0.08158043545312225,53.63022935152764,0.3676186574413685
1.4020000000000001,2.6961216749910917,1.78064294126472,0.004101452275619627,1.4604903784732495,0.08116490400765201,53.551206759826236,0.36512259461831237
1.4040000000000001,2.677765954023765,1.7685199776479523,0.004123993513372254,1.4505555394374248,0.08075167538275199,53.47216383316768,0.3626388848593562
1.4060000000000001,2.659502635262772,1.7564580407044215,0.004146540282753227,1.4406707157183887,0.08034076617227076,53.39310210058944,0.36016767892959717
1.408,2.6413328273227554,1.7444578626143012,0.004169087181613584,1.4308365073405926,0.07993219275719361,53.3140230914928,0.35770912683514816
1.41,2.623257633142086,1.732520171808895,0.004191628886963691,1.421053511256122,0.07952597130522819,53.23492833561319,0.3552633778140305
1.412,2.60527814991592,1.7206456929264218,0.004214160154100753,1.411322321308465,0.07912211777041336,53.155819362990705,0.35283058032711623
1.414,2.5873954690295973,1.7088351467680312,0.0042366758157088595,1.4016435281964643,0.07872064789275118,53.07669770394043,0.3504108820491161
1.416,2.569610675992387,1.6970892502540442,0.004259170780935642,1.3920177194384578,0.07832157719786122,52.99756488902289,0.34800442985961444
1.418,2.5519248503716017,1.6854087163804408,0.0042816400344492375,1.3824454793366183,0.07792492099665854,52.918422449014365,0.3456113698341546
1.42,2.5343390657270595,1.673794254175574,0.004304078635479062,1.3729273889414815,0.07753069438505396,52.83927191487736,0.34323184723537037
1.422,2.516854389545924,1.662246568657137,0.004326481716843603,1.3634640260166802,0.07713891224367758,52.76011481773095,0.34086600650417004
1.424,2.4994718831778986,1.6507663607893612,0.004348844483968203,1.3540559650038666,0.07674958923762429,52.680952688821165,0.33851399125096665
1.426,2.4821926017708087,1.6393543274404725,0.00437116221389557,1.3447037769878492,0.0763627398162228,52.60178705949137,0.3361759442469623
1.428,2.465017594206544,1.6280111613403825,0.004393430254291558,1.3354080296619193,0.07597837821282652,52.52261946115265,0.3338520074154798
1.43,2.4479479030373974,1.616737551038648,0.004415644022448505,1.3261692872933983,0.07559651844462735,52.443451425254175,0.3315423218233496
1.432,2.4309845644227757,1.6055341808626675,0.004437799004288294,1.3169881106893813,0.07521717431249172,52.36428448325358,0.3292470276723453
1.434,2.414128608066301,1.5944017308761431,0.004459890753367042,1.3078650571626926,0.07484035940081891,52.28512016658734,0.32696626429067316
1.436,2.3973810571533147,1.5833408768378032,0.004481914889883205,1.2988006804980632,0.07446608707742196,52.20596000664113,0.3247001701245158
1.438,2.3807429282887576,1.572352290160377,0.004503867099690713,1.289795530918507,0.07409437049343022,52.12680553472026,0.32244888272962674
1.44,2.3642152314354683,1.561436637869844,0.004525743133318588,1.2808501550519267,0.07372522258321453,52.04765828201994,0.32021253876298167
1.442,2.347798969852871,1.550594582564939,0.00454753880499836,1.2719650958979272,0.0733586560643339,51.96851977959578,0.3179912739744818
1.444,2.331495140036082,1.5398267823769367,0.004569249991700478,1.2631408927948602,0.07299468343750458,51.88939155833411,0.31578522319871505
1.446,2.3153047316554147,1.5291338909296974,0.004590872632180774,1.2543780813870802,0.07263331698659053,51.810275148922386,0.31359452034677004
1.448,2.2992287274963092,1.5185165572999948,0.0046124027260379345,1.2456771935924331,0.07227456877861585,51.731172081819544,0.3114192983981083
1.45,2.2832681033996716,1.5079754259781109,0.004633836332782812,1.2370387575699635,0.0719184506637986,51.65208388722644,0.3092596893924909
1.452,2.2674238282026438,1.497511136828722,0.004655169570920331,1.2284632976878611,0.07156497427560647,51.573012095056235,0.3071158244219653
1.454,2.2516968636797916,1.4871243250520498,0.004676398617044636,1.2199513344916235,0.07121415103083341,51.49395823490477,0.3049878336229059
1.456,2.236088164484719,1.4768156211453085,0.004697519704948053,1.2115033846724608,0.07086599212969788,51.414923836021025,0.3028758461681152
1.458,2.220598678092125,1.466585650864431,0.004718529124744344,1.203119961035933,0.07052050855596226,51.33591042727752,0.3007799902589833
1.46,2.205229344740286,1.456435035186084,0.004739423222006672,1.1948015724708176,0.07017771107707309,51.2569195371407,0.2987003931177044
1.462,2.1899810973739875,1.4463643902699759,0.004760198396920627,1.1865487239182233,0.06983761024432247,51.17795269364145,0.2966371809795558
1.464,2.174854861587884,1.436374327421451,0.004780851103452598,1.178361916340935,0.06950021639303032,51.099011424345434,0.2945904790852337
1.466,2.159851555570323,1.426465453054387,0.004801377848533716,1.1702416466930075,0.06916553964274715,51.02009725632363,0.29256041167325186
1.468,2.1449720900476,1.416638368654379,0.004821775191259547,1.1621884078895963,0.06883358989747766,50.94121171612276,0.2905471019723991
1.47,2.130217368228688,1.406893670742236,0.00484203974210565,1.1542026887770405,0.06850437684592466,50.86235632973575,0.2885506721942601
1.472,2.1155882857503974,1.397231950837761,0.004862168162159112,1.1462849741031838,0.06817790996175328,50.78353262257222,0.28657124352579594
1.474,2.1010857306230193,1.387653795423854,0.004882157162366072,1.1384357444879534,0.06785419850387554,50.70474211942896,0.28460893612198834
1.476,2.08671058317642,1.3781597859109076,0.004902003502795252,1.130655476394184,0.06753325151675503,50.62598634446047,0.282663869098546
1.478,2.0724637160065984,1.368750498601512,0.004921703991917482,1.1229446420986944,0.0672150778307312,50.54726682114946,0.2807361605246736
1.48,2.0583459939227238,1.3594265046554779,0.004941255485901135,1.1153037096636202,0.06689968606236388,50.468585072277335,0.27882592741590506
1.482,2.044358273894637,1.3501883700551611,0.00496065488792341,1.1077331429080013,0.06658708461479713,50.389942619894825,0.2769332857270003
1.484,2.0305014050008316,1.341036655571108,0.004979899147497347,1.1002334013796267,0.06627728167814283,50.31134098529247,0.27505835034490667
1.486,2.0167762283769175,1.3319719167280197,0.004998985259814428,1.0928049403271418,0.06597028522988367,50.232781688971194,0.27320123508178545
1.488,2.003183577164555,1.3229947037710241,0.005017910265102641,1.0854482106724082,0.065666103035295,50.15426625061294,0.27136205266810204
1.49,1.9897242764608876,1.3141055616322799,0.005036671247999815,1.0781636589831376,0.06536474264788651,50.07579618905126,0.2695409147457844
1.492,1.9763991432684511,1.3053050298978943,0.005055265336942039,1.070951727445778,0.06506621140986177,49.997373022241874,0.2677379318614445
1.494,1.9632089864455924,1.2965936427751765,0.005073689703566988,1.0638128538386817,0.0647705164525979,49.91899826723339,0.26595321345967043
1.496,1.950154606657355,1.2879719290602007,0.005091941562131923,1.0567474715055207,0.0644776646971426,49.840673440137905,0.2641868678763802
1.498,1.9372367963268857,1.2794404121057135,0.0051100181689461505,1.0497560093289864,0.06418766285473033,49.76240005610168,0.2624390023322466
1.5,1.9244563395873362,1.2709996097893668,0.0051279168218177126,1.0428388917047597,0.06390051742731707,49.68417962927585,0.26070972292618994
1.502,1.9118140122342562,1.2626500344822753,0.005145634859514063,1.035996538515741,0.06361623470813238,49.60601367278714,0.25899913462893526
1.504,1.899310581678507,1.2543921930179198,0.005163169661236489,1.0292293651065687,0.06333482078225018,49.52790369870856,0.2573073412766422
1.506,1.8869468068996755,1.2462265866613798,0.005180518646108019,1.0225377822584054,0.06305628152717724,49.44985121803019,0.25563444556460135
1.508,1.8747234384000102,1.2381537110789087,0.005197679272674568,1.0159221961640035,0.06278062261345899,49.371857740629906,0.25398054904100087
1.51,1.8626412181588525,1.2301740563078405,0.005214649038419056,1.0093830084030462,0.06250784950530335,49.29392477524423,0.25234575210076154
1.512,1.8507008795876057,1.2222881067268476,0.005231425479288241,1.0029206159177726,0.06223796746122145,49.216053829439105,0.25073015397944315
1.514,1.8389031474852122,1.214496341026537,0.00524800616923199,0.9965354109888823,0.06197098153468576,49.138246409580745,0.24913385274722058
1.516,1.8272487379941615,1.2067992321803958,0.005264388719754744,0.9902277812117259,0.06170689657480523,49.0605040208065,0.24755694530293149
1.518,1.815738358557013,1.1991972474160748,0.005280570779478883,0.9839981094727723,0.06144571722701704,48.98282816699573,0.24599952736819308
1.52,1.804372707873455,1.1916908481870323,0.0052965500337197515,0.9778467739263704,0.061187447933795214,48.905220350740684,0.2444616934815926
1.522,1.793152475857897,1.1842804901445223,0.0053123242040720555,0.9717741479717958,0.06093209293537566,48.82768207331752,0.24294353699294896
1.524,1.7820783435975842,1.1769666231099334,0.005327891048007384,0.9657806002305812,0.060679656270497324,48.75021483465717,0.2414451500576453
1.526,1.771150983311257,1.1697496910474852,0.005343248358482574,0.959866494524143,0.06043014177715964,48.67282013331638,0.23996662363103574
1.528,1.7603710583083465,1.1626301320372787,0.005358393963558679,0.9540321898516965,0.060183553093395896,48.59549946644871,0.23850804746292412
1.53,1.749739222948713,1.1556083782487065,0.0053733257260302585,0.9482780403684656,0.05993989365806227,48.51825432977556,0.2370695100921164
1.532,1.7392561226029188,1.148684855914215,0.005388041543064744,0.9426043953641834,0.05969916671164239,48.441086217557235,0.23565109884104585
1.534,1.728922393613059,1.141859985303434,0.005402539345851632,0.9370115992418899,0.05946137529706732,48.363996622564066,0.23425289981047248
1.536,1.7187386632541304,1.1351341806976645,0.005416817099261236,0.9314999914970274,0.05922652226055076,48.28698703604752,0.23287499787425686
1.538,1.7087055496959602,1.1285078503647348,0.005430872801512771,0.9260699066968349,0.05899461025243921,48.21005894771131,0.23151747667420872
1.54,1.6988236619656758,1.1219813965342116,0.0054447044838515,0.9207216744600359,0.05876564172807694,48.133213845682675,0.23018041861500899
1.542,1.689093599910737,1.1155552153729882,0.005458310210234737,0.9154556194368316,0.0585396189486854,48.056453216483476,0.2288639048592079
1.544,1.679515954162531,1.1092296969612372,0.005471688077026419,0.9102720612891978,0.058316543982257475,47.979778545001544,0.22756801532229945
1.546,1.6700913061005107,1.1030052252687286,0.005484836212700075,0.9051713146714767,0.058096418704465365,47.90319131446188,0.22629282866786918
1.548,1.6608202278169093,1.096882178131525,0.005497752777549914,0.9001536892112804,0.057879244799583084,47.826693006398,0.2250384223028201
1.55,1.651703282082011,1.090860927229043,0.00551043596340982,0.8952194894906947,0.05766502376142231,47.750285100623294,0.22380487237267369
1.552,1.6427410223099947,1.0849418380614988,0.005522883993380046,0.8903690150277951,0.05745375689428225,47.67396907520234,0.22259225375694877
1.554,1.6339339925253333,1.079125269927712,0.005535095121561383,0.8856025602584601,0.05724544531391252,47.597746406422345,0.22140064006461502
1.556,1.625282727329775,1.0734115759033016,0.005547067632796575,0.8809204145185031,0.05704008994848969,47.52161856876463,0.22023010362962578
1.558,1.6167877518698943,1.0678011028192542,0.005558799842418802,0.8763228620261112,0.05683769153960656,47.44558703487602,0.2190807155065278
1.56,1.6084495818052083,1.0622941912408677,0.005570290096007,0.8718101818645895,0.05663825064327434,47.369653275540436,0.21795254546614737
1.562,1.6002687232768809,1.0568911754470793,0.0055815367691478286,0.8673826479654236,0.05644176763093742,47.29381875965038,0.2168456619913559
1.564,1.592245672876995,1.051592383410175,0.005592538267204101,0.8630405290916514,0.05624824269050068,47.21808495417857,0.21576013227291285
1.566,1.5843809176184138,1.046398136775882,0.0056032930250894545,0.8587840888215518,0.05605767582736888,47.142453324149535,0.21469602220538794
1.568,1.576674934905213,1.0413087508438412,0.00561379950704912,0.8546135855326427,0.055870066865498065,47.06692533261128,0.21365339638316067
1.57,1.569128192503703,1.036324534548471,0.005624056206446559,0.8505292723859998,0.05568541544845884,46.99150244060699,0.21263231809649996
1.572,1.5617411485140362,1.0314457904402123,0.005634061645555823,0.8465313973108899,0.055503721040511086,46.91618610714677,0.21163284932772247
1.574,1.5545142513424004,1.026672814667165,0.005643814375359456,0.8426202029897236,0.05532498292769034,46.84097778917939,0.2106550507474309
1.576,1.5474479396737952,1.0220058969571104,0.005653312975351737,0.8387959268433223,0.05514920021890496,46.76587894156418,0.20969898171083057
1.578,1.5405426424454065,1.017445320599923,0.005662556053347158,0.8350588010165091,0.054976371847044514,46.69089101704275,0.20876470025412727
1.58,1.533798778820571,1.0129913624303775,0.005671542245293914,0.8314090523640194,0.054806496570098874,46.61601546621104,0.20785226309100485
1.582,1.5272167581633265,1.0086442928113404,0.005680270215092278,0.8278469024367286,0.054639572972287775,46.54125373749116,0.20696172560918216
1.584,1.5207969800135686,1.0044043756173624,0.005688738654417699,0.8243725674682073,0.0544755994652007,46.4666072771034,0.20609314186705183
1.586,1.5145398340627951,1.0002718682186578,0.005696946282548482,0.8209862583615957,0.05431457428894698,46.392077529038275,0.20524656459039892
1.588,1.5084457001304512,0.9962470214654838,0.005704891846197874,0.8176881806768022,0.054156495513315604,46.31766593502853,0.20442204516920054
1.59,1.5025149481408753,0.9923300796729124,0.005712574119350456,0.8144785346180278,0.05400136103894491,46.24337393452134,0.20361963365450694
1.592,1.496747938100841,0.9885212806059998,0.0057199919031026576,0.811357515021613,0.05384916859850154,46.169202964650374,0.20283937875540325
1.594,1.4911450200777066,0.984820855465353,0.005727144025507289,0.808325311344213,0.05369991575786882,46.095154460208065,0.20208132783605326
1.596,1.4857065341781663,0.9812290288730996,0.005734029341421944,0.8053821076512997,0.053553599917344055,46.02122985361781,0.20134552691282492
1.598,1.480432810527602,0.9777460188592472,0.005740646732361147,0.8025280826059868,0.05341021831284471,45.9474305749063,0.2006320206514967
1.6,1.475324169250045,0.9743720368484519,0.005746995106352116,0.7997634094581884,0.053269768017123104,45.8737580516758,0.1999408523645471
1.602,1.4703809204487466,0.9711072876471842,0.005753073397794024,0.7970882560341026,0.05313224594098956,45.800213709076594,0.19927206400852565
1.604,1.4656033641873512,0.9679519694312966,0.005758880567320644,0.7945027847260246,0.05299764883454369,45.726798969779374,0.19862569618150616
1.606,1.460991790471683,0.9649062737339933,0.005764415601666235,0.7920071524824923,0.05286597328841373,45.65351525394775,0.19800178812062308
1.608,1.4565464792321423,0.9619703854342048,0.005769677513534601,0.7896015107987584,0.05273721573500332,45.58036397921075,0.1974003776996896
1.61,1.4522677003067133,0.9591444827453647,0.005774665341471164,0.7872860057075955,0.05261137244974613,45.50734656063541,0.1968215014268989
1.612,1.448155713424585,0.9564287372045931,0.005779378149737984,0.7850607777704348,0.05248843955236762,45.43446441069941,0.1962651944426087
1.614,1.4442107681903829,0.9538233136622817,0.0057838150281915995,0.7829259620688319,0.052368413008153786,45.36171893926374,0.19573149051720798
1.616,1.4404331040690204,0.9513283702720893,0.00578797509216359,0.7808816881962704,0.05225128862922696,45.28911155354539,0.1952204220490676
1.618,1.4368229503711614,0.948944058481341,0.005791857482343773,0.7789280802502947,0.05213706207582812,45.21664365809023,0.19473202006257367
1.62,1.433380526239301,0.9466705230218344,0.005795461364665924,0.777065256824979,0.05202572885760564,45.14431665474572,0.19426631420624474
1.622,1.4301060406344628,0.9445079019010546,0.005798785930195943,0.7752933310037287,0.05191728433491023,45.07213194263388,0.19382333275093216
1.624,1.4269996923235153,0.942456326393797,0.005801830395022366,0.7736124103524162,0.05181172372009589,45.00009091812419,0.19340310258810406
1.6260000000000001,1.424061669867107,0.940515921034199,0.005804594000149127,0.772022596912855,0.05170904207882662,44.92819497480654,0.19300564922821375
1.6280000000000001,1.421292151608218,0.9386868036081798,0.005807076011390515,0.7705239871966019,0.051609234331388705,44.85644550346438,0.19263099679915047
1.6300000000000001,1.4186913056613362,0.9369690851462905,0.005809275719268207,0.7691166721791025,0.051512295254008175,44.78484389204769,0.19227916804477563
1.6320000000000001,1.4162592899022532,0.935362869916976,0.005811192438910314,0.7678007372941685,0.0514182194801736,44.71339152564623,0.19195018432354213
1.6340000000000001,1.413996251958479,0.9338682554202439,0.005812825509952369,0.7665762624287917,0.05132700150196361,44.64208978646267,0.19164406560719793
1.6360000000000001,1.4119023292002812,0.9324853323817459,0.005814174296440161,0.7654433219182949,0.051238635671379165,44.57094005378592,0.19136083047957372
1.6380000000000001,1.4099776487323477,0.931214184747273,0.005815238186734366,0.7644019845418215,0.05115311620168025,44.4999437039644,0.19110049613545538
1.6400000000000001,1.40822232738607,0.9300548896776575,0.0058160165934168775,0.7634523135181593,0.05107043716872685,44.42910211037942,0.19086307837953984
1.6420000000000001,1.4066364717124509,0.9290075175440895,0.005816508953198788,0.762594366501903,0.050990592512323844,44.35841664341865,0.19064859162547576
1.6440000000000001,1.405220177975639,0.9280721319238467,0.005816714726829944,0.761828195579956,0.0509135760375699,44.28788867044959,0.190457048894989
1.6460000000000001,1.4039735321470832,0.927248789596434,0.0058166333990100115,0.7611538472683673,0.05083938141620972,44.21751955579307,0.19028846181709183
1.6480000000000001,1.4028966099003133,0.9265375405401362,0.005816264478300988,0.7605713625095083,0.05076800218798988,44.14731066069693,0.19014284062737707
1.6500000000000001,1.4019894766063496,0.925938427928986,0.005815607497041104,0.7600807766695876,0.050699431762017674,44.07726334330968,0.1900201941673969
1.6520000000000001,1.4012521873297323,0.9254514881301421,0.005814662011260047,0.7596821195365037,0.05063366341812302,44.00737895865417,0.18992052988412592
1.6540000000000001,1.4006847868251802,0.9250767507016823,0.005813427600595455,0.7593754153180371,0.050570690308223025,43.93765885860145,0.18984385382950927
1.6560000000000001,1.4002873095348713,0.9248142383908075,0.005811903868210628,0.7591606826403778,0.050510505457689044,43.86810439184456,0.18979017066009446
1.6580000000000001,1.4000597795863576,0.9246639671324643,0.005810090440713392,0.7590379345469997,0.05045310176671622,43.79871690387246,0.18975948363674994
1.6600000000000001,1.4000022107910948,0.9247234363416518,0.005807986968076079,0.7590871205084513,0.05040076248283817,43.72949773694402,0.18977178012711282
1.6620000000000001,1.400114606643607,0.9254020981659048,0.005805593123556553,0.7596439911445455,0.05036308247422607,43.660448230062045,0.18991099778613638
1.6640000000000001,1.4003969603212747,0.926192965358597,0.005802908603620259,0.7602928170561257,0.050328130455898304,43.59156971894736,0.19007320426403143
1.666,1.4008492546847464,0.9270959899127383,0.00579993312786321,0.7610335588677726,0.05029589809821656,43.522863536013,0.19025838971694314
1.668,1.4014714622789826,0.9281111170131968,0.005796666438935918,0.7618661716247187,0.05026637695814043,43.454331010338365,0.19046654290617968
1.67,1.4022635453349195,0.9292382850400237,0.005793108302468173,0.7627906047955744,0.050239558480630574,43.38597346764362,0.1906976511988936
1.672,1.4032254557717625,0.9304774255721943,0.0057892585069946635,0.7638068022753944,0.05021543400005203,43.31779223026396,0.1909517005688486
1.674,1.4043571351999058,0.9318284633917624,0.00578511686388138,0.7649147023890825,0.05019399474157734,43.24978861712407,0.19122867559727064
1.676,1.4056585149244751,0.9332913164884252,0.0057806832072527705,0.7661142378951336,0.0501752318225895,43.181963943712596,0.1915285594737834
1.678,1.4071295159494988,0.934865896064501,0.005775957393919602,0.7674053359897132,0.05015913625408438,43.1143195220567,0.1918513339974283
1.68,1.4087700489827022,0.9365521065403205,0.005770939303307503,0.7687879183110764,0.05014569894207245,43.04685666069669,0.1921969795777691
1.682,1.4105800144409284,0.938349845560028,0.005765628837386141,0.7702619009443225,0.05013491068897961,42.9795766646607,0.1925654752360806
1.684,1.4125593024561833,0.9402590039977949,0.005760025920599004,0.7718271944264873,0.05012676219504696,42.912480835439446,0.19295679860662182
1.686,1.414707792882303,0.9422794659644431,0.0057541304997937625,0.7734837037519715,0.0501212440597292,42.84557047096105,0.19337092593799288
1.688,1.417025355302251,0.9444111088144811,0.00574794254415316,0.7752313283783071,0.050118346783091725,42.77884686556593,0.19380783209457678
1.69,1.419511849036029,0.9466538031535471,0.005741462045126442,0.7770699622322579,0.050118060767205715,42.71231130998174,0.19426749055806447
1.692,1.422167123149221,0.9490074128462642,0.005734689016361235,0.7789994937162568,0.05012037631754173,42.64596509129848,0.1947498734290642
1.694,1.4249910164621542,0.9514717950245051,0.0057276234936359145,0.7810198057151789,0.05012528364436095,42.57980949294347,0.19525495142879473
1.696,1.427983357559681,0.9540468000960625,0.005720265534792387,0.7831307756034485,0.050132772864104294,42.51384579465665,0.19578269390086211
1.698,1.431143964801587,0.9567322717537308,0.005712615219669288,0.7853322752524805,0.050142834000778985,42.448075272465765,0.19633306881312013
1.7,1.4344726463336137,0.9595280469847937,0.0057046726500355575,0.7876241710384568,0.050155456987342605,42.38249919866166,0.1969060427596142
1.702,1.4379692000991091,0.9624339560809211,0.005696437949524386,0.7900063238504367,0.0501706316670842,42.317118841773706,0.19750158096260917
1.704,1.441633413851286,0.9654498226484665,0.005687911263567499,0.792478589098797,0.05018834779500233,42.25193546654525,0.19811964727469925
1.706,1.445465065166113,0.9685754636191795,0.0056790927593297685,0.7950408167240097,0.05020859503918015,42.18695033390915,0.19876020418100243
1.708,1.4494639214558107,0.9718106892613146,0.005669982625644123,0.7976928512057483,0.05023136298215685,42.12216470096338,0.19942321280143707
1.71,1.4536297399829734,0.9751553031911505,0.005660581072946746,0.8004345315723261,0.0502566411222956,42.057579820946714,0.20010863289308153
1.712,1.4579622678753015,0.9786091023849092,0.005650888333212566,0.8032656914104658,0.050284418875147806,41.99319694321449,0.20081642285261644
1.714,1.462461242140953,0.9821718771910812,0.005640904659890974,0.8061861588754007,0.05031468557481334,41.92901731321441,0.20154653971885017
1.716,1.4671263896845064,0.9858434113431513,0.005630630327841813,0.809195756701303,0.0503474304752968,41.865042172462495,0.20229893917532574
1.718,1.4719574273235383,0.9896234819727259,0.005620065633271589,0.8122943022120434,0.05038264275185927,41.80127275851903,0.20307357555301084
1.72,1.476954061805813,0.9935118596230615,0.0056092108936699105,0.8154816073322774,0.05042031150236584,41.737710304964665,0.20387040183306934
1.722,1.4821159898270844,0.9975083082629947,0.005598066447746135,0.8187574785988623,0.050460425748628385,41.674356041376505,0.20468936964971557
1.724,1.487442898049506,1.0016125853012676,0.005586632655366234,0.8221217171725974,0.05050297443774346,41.61121119330434,0.20553042929314935
1.726,1.4929344631206507,1.0058244416012545,0.005574909897489848,0.8255741188502926,0.05054794644342539,41.54827698224695,0.20639352971257316
1.728,1.49859035169314,1.0101436214960842,0.00556289857610754,0.829114474077164,0.050595330567334174,41.4855546256285,0.207278618519291
1.73,1.504410220444878,1.014569862804161,0.005550599114178237,0.8327425679595516,0.05064511554039786,41.42304533677492,0.2081856419898879
1.732,1.510393716099893,1.0191028968450788,0.005538011955566865,0.8364581802779636,0.05069729002412984,41.36075032489048,0.2091145450694909
1.734,1.5165404754497782,1.0237424484559283,0.005525137564982163,0.8402610855004405,0.05075184261194011,41.29867079503442,0.21006527137511014
1.736,1.5228501253757445,1.0284882360080039,0.005511976427914691,0.8441510527962481,0.050808761830441015,41.236807948097564,0.21103776319906203
1.738,1.5293222828712651,1.0333399714238958,0.005498529050575022,0.848127846049884,0.050868036140746864,41.175162980779184,0.212031961512471
1.74,1.5359565550653274,1.0382973601949788,0.005484795959832124,0.8521912238754127,0.05092965393976757,41.11373708556377,0.21304780596885317
1.742,1.542752539246277,1.043360101399287,0.0054707777031519494,0.8563409396311136,0.05099360356149577,41.052531450698005,0.2140852349077784
1.744,1.5497098228862694,1.0485278877197837,0.005456474848536207,0.8605767414344557,0.05105987327828792,40.99154726016778,0.21514418535861393
1.746,1.5568279836663053,1.053800405463014,0.0054418879844613565,0.8648983721773832,0.0511284513021384,40.93078569367527,0.2162245930443458
1.748,1.564106589501868,1.0591773345781446,0.005427017719817826,0.8693055695419215,0.05119932578594708,40.870247926616116,0.21732639238548038
1.75,1.5715451985691522,1.0646583486763959,0.005411864683849442,0.8737980660161022,0.05127248482478006,40.8099351300567,0.21844951650402555
1.752,1.5791433593318849,1.0702431150508518,0.005396429526093118,0.878375588910199,0.05134791645712328,40.7498484707115,0.21959389722754974
1.754,1.586900610568731,1.0759312946966564,0.005380712916318786,0.8830378603732797,0.05142560866612904,40.689989110920486,0.22075946509331992
1.756,1.594816481401291,1.0817225423315882,0.0053647155444696126,0.8877845974100704,0.051505549380855026,40.63035820862667,0.2219461493525176
1.758,1.602890491322687,1.0876165064170267,0.005348438120602494,0.8926155118981366,0.0515877264774962,40.57095691735368,0.22315387797453415
1.76,1.6111221502267277,1.0936128291792855,0.005331881374828869,0.8975303106053686,0.05167212778060886,40.51178638618347,0.22438257765134215
1.762,1.6195109584376601,1.0997111466313336,0.0053150460572558575,0.9025286952077837,0.051758741064327006,40.45284775973409,0.22563217380194592
1.764,1.6280564067404972,1.1059110885948844,0.00529793293792776,0.9076103623076308,0.05184755405357085,40.39414217813749,0.2269025905769077
1.766,1.636757976411933,1.1122122787228728,0.0052805428067679355,0.9127750034518096,0.05193855442524743,40.335670777017555,0.2281937508629524
1.768,1.6456151392518292,1.1186143345222976,0.00526287647352109,0.9180223051505948,0.05203172980944307,40.27743468746807,0.2295055762876487
1.77,1.6546273576152735,1.1251168673774374,0.005244934767696008,0.9233519488966611,0.05212706779060738,40.21943503603087,0.23083798722416526
1.772,1.6637940844452188,1.1317194825734422,0.0052267185385087575,0.9287636111844192,0.05222455590872915,40.161672944674024,0.2321909027961048
1.774,1.673114763305692,1.1384217793202929,0.005208228654826401,0.9342569635296537,0.05232418166050366,40.10414953077016,0.23356424088241343
1.776,1.6825888284155697,1.1452233507771328,0.005189466005111261,0.9398316724894624,0.05242593250049134,40.04686590707481,0.2349579181223656
1.778,1.6922157046829165,1.152123784076956,0.0051704314973657715,0.9454873996824926,0.052529795842267524,39.98982318170495,0.23637184992062316
1.78,1.7019948077399027,1.1591226603516764,0.005151126059077966,0.9512238018094856,0.05263575905956371,39.9330224581175,0.2378059504523714
1.782,1.7119255439782726,1.1662195547575527,0.005131550637167646,0.9570405306741163,0.05274380948739963,39.876464835087994,0.23926013266852908
1.784,1.7220073105853766,1.1734140365009738,0.005111706197933276,0.9629372332041244,0.052853934423206066,39.820151406689355,0.2407343083010311
1.786,1.7322394955807614,1.180705668864609,0.0050915937269996785,0.968913551472748,0.052966121127938776,39.76408326227069,0.242228387868187
1.788,1.742621477853324,1.1880940092339223,0.00507121422926656,0.9749691227204543,0.05308035682718297,39.70826148643625,0.24374228068011358
1.79,1.753152627199011,1.1955786091240361,0.005050568728857947,0.9811035793769558,0.05319662871224842,39.652687159024424,0.24527589484423895
1.792,1.7638323043590682,1.2031590142069515,0.005029658269072596,0.9873165490835197,0.05331492394125476,39.59736135508687,0.24682913727087993
1.794,1.7746598610588553,1.2108347643391362,0.00500848391233544,0.993607654715579,0.053435229640207804,39.542285144867705,0.24840191367889475
1.796,1.7856346400471874,1.218605393589447,0.004987046740150157,0.9999765144056166,0.05355753290406543,39.48745959378281,0.24999412860140416
1.798,1.7967559751362392,1.2264704302674194,0.00496534785305292,1.0064227415663518,0.05368182079779416,39.432885762399216,0.25160568539158795
1.8,1.8080231912419737,1.2344293969518916,0.0049433883705674465,1.0129459449141984,0.05380808035741543,39.37856470641459,0.2532364862285496
1.802,1.8194356044251327,1.242481810519995,0.004921169431161396,1.0195457284930263,0.05393629859104238,39.32449747663682,0.25488643212325657
1.804,1.8309925219327445,1.2506271821764734,0.004898692192204238,1.0262216916981899,0.05406646247990592,39.270685118963655,0.25655542292454747
1.806,1.842693242240181,1.2588650174833573,0.004875957829926693,1.032973429300849,0.05419855897937108,39.21712867436252,0.25824335732521225
1.808,1.8545370550937337,1.267194816389973,0.004852967539381828,1.0398005314725636,0.05433257501994288,39.16382917885034,0.2599501328681409
1.81,1.8665232415537354,1.2756160732633013,0.004829722534407954,1.0467025838101747,0.05446849750826193,39.11078766347355,0.26167564595254367
1.812,1.8786510740381999,1.2841282769186686,0.004806224047593425,1.053679167360959,0.05460631332808958,39.05800515428808,0.2634197918402397
1.814,1.8909198163669796,1.292730910650774,0.004782473330243465,1.0607298586480565,0.05474600934128249,39.005482672339554,0.2651824646620141
1.816,1.9033287238064638,1.3014234522650587,0.004758471652349186,1.067854229696181,0.05488757238875667,38.95322123364352,0.26696355742404526
1.818,1.9158770431147776,1.310205374109401,0.004734220302558909,1.0750518480575975,0.05503098929144095,38.90122184916583,0.26876296201439936
1.82,1.9285640125875103,1.3190761431061477,0.004709720588151967,1.0823222768383725,0.05517624685121948,38.849485524803015,0.2705805692095931
1.822,1.9413888621039452,1.3280352207844697,0.004684973835015148,1.0896650747248915,0.055323331851863645,38.7980132613629,0.2724162686812229
1.824,1.9543508131738139,1.3370820633130511,0.0046599813876219455,1.0970797960106535,0.055472231059953046,38.746806054545196,0.2742699490026634
1.826,1.9674490789845502,1.3462161215331003,0.00463474460901482,1.1045659906233218,0.0556229312257855,38.69586489492226,0.27614149765583046
1.828,1.9806828644490515,1.355436840991685,0.004609264880790646,1.1121232041520464,0.055775419084276086,38.64519076791993,0.2780308010380116
1.83,1.9940513662539345,1.3647436619753834,0.004583543603089588,1.1197509778750443,0.05592968135584506,38.59478465379845,0.2799377444687611
1.832,2.0075537729083113,1.3741360195442693,0.00455758219458759,1.1274488487874506,0.056085704747294886,38.544647527633515,0.28186221219686264
1.834,2.0211892647930383,1.3836133435661984,0.0045313820924927604,1.13521634962942,0.05624347595267587,38.494780359297444,0.283804087407355
1.836,2.034957014210468,1.3931750587514142,0.004504944752545873,1.1430530089144884,0.056402981654140455,38.44518411344035,0.2857632522286221
1.838,2.0488561854346994,1.4028205846874764,0.004478271649025274,1.1509583509581989,0.05656420852278678,38.39585974947152,0.2877395877395497
1.84,2.0628859347623014,1.4125493358744878,0.004451364274756488,1.1589318959069725,0.05672714321949031,38.34680822154086,0.28973297397674314
1.842,2.0770454105635303,1.4223607217606362,0.004424224141126808,1.1669731597672375,0.056891772395724495,38.29803047852044,0.29174328994180937
1.844,2.09133375333402,1.432254146778041,0.004396852778105246,1.175081654434807,0.05705808269436988,38.249527463986084,0.29377041360870176
1.846,2.105750095746963,1.442229010378907,0.004369251734268136,1.1832568877245115,0.057226060750511724,38.2013001161992,0.2958142219311279
1.848,2.120293562705757,1.4522847070719807,0.004341422576830818,1.191498363400074,0.057395693192226434,38.15334936808859,0.2978745908500185
1.85,2.134963271397114,1.4624206264592958,0.004313366891685781,1.1998055812042279,0.05756696664135595,38.10567614723237,0.29995139530105697
1.852,2.149758331344666,1.4726361532732366,0.004285086283447694,1.2081780368890918,0.05773986771427112,38.0582813758401,0.30204450922227294
1.854,2.1646778444630073,1.482930667413879,0.004256582375505797,1.216615222246772,0.05791438302262317,38.011165970734886,0.304153805561693
1.856,2.1797209051122115,1.4933035439866336,0.004227856810084127,1.2251166251402157,0.05809049917408372,37.96433084333565,0.3062791562850539
1.858,2.194886600152803,1.503754153340176,0.004198911248310132,1.2336817295342926,0.058268202773073,37.91777689963952,0.30842043238357314
1.86,2.210174009001194,1.5142818611046704,0.004169747370292202,1.2423100155271274,0.058447480421476634,37.87150504020431,0.31057750388178185
1.862,2.2255822036855584,1.5248860282302763,0.004140366875206762,1.251000959381653,0.05862831871935062,37.82551616013107,0.3127502398454132
1.864,2.241110248902166,1.5355660110259401,0.004110771481395536,1.2597540335574047,0.058810704265614536,37.77981114904679,0.31493850838935117
1.866,2.2567572020721487,1.5463211611984635,0.004080962926473718,1.26856870674254,0.05899462365873321,37.7343908910872,0.317142176685635
1.868,2.2725221133987294,1.557150825891865,0.004050942967449758,1.2774444438860957,0.05918006349738656,37.68925626487961,0.3193611109715239
1.87,2.288404025924868,1.5680543477270028,0.004020713380857603,1.286380706230461,0.0593670103811278,37.64440814352602,0.32159517655761527
1.872,2.3044019755913454,1.5790310648414774,0.003990275962902227,1.2953769513440818,0.05955545091102956,37.5998473945861,0.32384423783602045
1.874,2.3205149912952976,1.5900803109298147,0.003959632529619399,1.304432633154391,0.059745371690318926,37.55557488006054,0.32610815828859774
1.8760000000000001,2.336742094949153,1.6012014152839071,0.003928784917050675,1.3135472019809527,0.059936759325,37.51159145637427,0.32838680049523816
1.8780000000000001,2.3530823015400077,1.6123937028337283,0.0038977349814346995,1.3227201045688304,0.06012960042446518,37.467897974359936,0.3306800261422076
1.8800000000000001,2.369534619189411,1.623656494188306,0.0038664845994159755,1.3319507841221667,0.06032388160209445,37.42449527924145,0.3329876960305417
1.8820000000000001,2.386098049213587,1.6349891056769725,0.0038350356682723486,1.3412386803379879,0.060519589475843086,37.381384210617625,0.33530967008449697
1.8840000000000001,2.402771586184043,1.6463908493908548,0.0038033901061625577,1.3505832294402107,0.060716710668817515,37.33856560244593,0.3376458073600527
1.8860000000000001,2.419554217988613,1.6578610332246393,0.0037715498523953218,1.3599838642138682,0.06091523180983953,37.29604028302637,0.33999596605346705
1.8880000000000001,2.43644492589288,1.6693989609185749,0.0037395168677215223,1.3694400140395333,0.06111513953399845,37.25380907498547,0.3423600035098833
1.8900000000000001,2.453442684602028,1.6810039321007462,0.003707293134651195,1.3789511049279644,0.06131642048319212,37.211872795260305,0.3447377762319911
1.8920000000000001,2.4705464623230777,1.6926752423295857,0.003674880657797178,1.3885165595549478,0.06151906130665595,37.170232255082794,0.34712913988873695
1.8940000000000001,2.487755220827506,1.7044121831366257,0.0036422814642474125,1.3981357972963306,0.06172304866147984,37.12888825996391,0.34953394932408266
1.8960000000000001,2.505067915514283,1.7162140420695162,0.0036094976039680576,1.4078082342632805,0.06192836921311439,37.087841609678165,0.3519520585658201
1.8980000000000001,2.522483495473275,1.7280801027352641,0.00357653115023978,1.4175332833377192,0.06213500963586459,37.047093098248126,0.3543833208344298
1.9000000000000001,2.5400009035490365,1.7400096448437232,0.003543384200129763,1.427310354207966,0.06234295661337234,37.00664351392902,0.3568275885519915
1.9020000000000001,2.5576190764049764,1.7520019442513104,0.003510058875002214,1.4371388534045642,0.06255219683908729,36.966493639193516,0.35928471335114104
1.9040000000000001,2.575336944587915,1.7640562730049725,0.003476557321070375,1.4470181843363144,0.06276271701672617,36.92664425071659,0.3617545460840786
1.9060000000000001,2.5931534325929952,1.7761718993863669,0.0034428817099933337,1.456947747326483,0.06297450386072048,36.887096119360514,0.36423693683162073
1.9080000000000001,2.611067458928968,1.7883480879562823,0.0034090342395212045,1.4669269396492057,0.06318754409665285,36.84785001015986,0.36673173491230143
1.9100000000000001,2.629077936183837,1.8005840995992741,0.0033750171341925734,1.476955155566069,0.06340182446168174,36.80890668230685,0.36923878889151723
1.9120000000000001,2.647183771090875,1.81287919156854,0.0033408326460884733,1.4870317863628868,0.06361733170495489,36.770266889136494,0.3717579465907217
1.9140000000000001,2.6653838645949843,1.8252326175310016,0.0033064830556475302,1.4971562203866475,0.06383405258801143,36.731931378112186,0.3742890550966619
1.9160000000000001,2.6836771119194016,1.837643627612601,0.003271970672547367,1.507327843082637,0.06405197388517245,36.69390089081112,0.3768319607706592
1.9180000000000001,2.7020624026327744,1.8501114684438325,0.003237297836657827,1.517546037031751,0.0642710823839205,36.656176162910015,0.37938650925793777
1.92,2.720538620716554,1.8626353832054623,0.00320246691907211,1.527810181987968,0.0644913648852676,36.61875792417084,0.381952545496992
1.922,2.739104644632756,1.8752146116744801,0.0031674803232225,1.538119654916004,0.06471280820411252,36.58164689842674,0.384529913729001
1.924,2.757759347392013,1.8878483902702303,0.0031323404860880374,1.548473830029124,0.06493539916958617,36.544843803567986,0.387118457507281
1.926,2.776501596622011,1.9005359521007767,0.003097049879502166,1.558872078827135,0.0651591246253868,36.508349351528125,0.38971801970678377
1.928,2.7953302546362133,1.9132765270094476,0.003061611011569252,1.5693137701345334,0.06538397143010335,36.472164248270204,0.39232844253363336
1.93,2.814244178502923,1.926069341621589,0.003026026428199715,1.5797982701388222,0.06560992645752851,36.436289193773085,0.39494956753470556
1.932,2.8332422201146557,1.9389136193915024,0.00299029871477455,1.5903249424289756,0.06583697659696024,36.40072488201795,0.3975812356072439
1.934,2.852323226257842,1.9518085806495933,0.002954430497951108,1.6008931480340811,0.066065108753493,36.365472000974826,0.4002232870085203
1.936,2.8714860386828236,1.9647534426496915,0.002918424447623266,1.6115022454621195,0.06629430984829783,36.33053123258932,0.4028755613655299
1.938,2.8907294941741544,1.9777474196165632,0.002882283279050503,1.622151590738902,0.06652456681889185,36.29590325276941,0.4055378976847255
1.94,2.910052424621224,1.9907897227936155,0.0028460097551719524,1.6328405374471673,0.06675586661939704,36.26158873137235,0.4082101343617918
1.942,2.929453657089153,2.003879560490772,0.002809606689123274,1.643568436765816,0.0669881962207887,36.22758833219175,0.410892109191454
1.944,2.948932013889999,2.0170161381325307,0.002773076946976125,1.6543346375092958,0.0672215426111329,36.19390271294472,0.41358365937732394
1.946,2.968486312654233,2.0301986583061895,0.0027364234507222377,1.6651384861671248,0.06745589279581385,36.1605325252591,0.4162846215417812
1.948,2.988115366402527,2.0434263208102625,0.0026996491815266003,1.6759793269435694,0.06769123379775109,36.12747841466095,0.41899483173589236
1.95,3.0078179836177976,2.056698322703047,0.0026627571832770203,1.6868565017974473,0.06792755265760593,36.094741020562,0.4217141254493618
1.952,3.0275929683175256,2.070013858351356,0.0026257505664605565,1.697769350482065,0.06816483643397783,36.06232097624726,0.42444233762051625
1.954,3.0474391201263695,2.083372119479439,0.0025886325124008422,1.7087172105853086,0.06840307220359111,36.03021890886283,0.42717930264632714
1.956,3.0673552343490207,2.0967722952180297,0.002551406277894417,1.7196994175698435,0.06864224706147098,35.99843543940374,0.42992485439246086
1.958,3.087340102043334,2.110213572153578,0.002514075200288761,1.730715304813458,0.06888234812111006,35.96697118270192,0.4326788262033645
1.96,3.1073925100937045,2.1236951343776154,0.002476642703049968,1.741764203649521,0.06912336251462478,35.93582674741434,0.4354410509123802
1.962,3.12751124128472,2.1372161635362907,0.0024391123018739315,1.7528454434075793,0.06936527739290226,35.9050027360112,0.4382113608518948
1.964,3.1476950743750374,2.1507758388800435,0.002401487611401698,1.7639583514540644,0.06960807992573734,35.87449974476431,0.4409895878635161
1.966,3.1679427841715184,2.164373337313423,0.0023637723526073805,1.7751022532331224,0.06985175730196011,35.84431836373553,0.4437755633082806
1.968,3.1882531416035955,2.1780078334450494,0.002325970360935875,1.786276472307558,0.07009629672955382,35.814459176765375,0.4465691180768895
1.97,3.2086249137978866,2.191678499637723,0.002288085595277744,1.7974803303998994,0.0703416854357636,35.784922761461694,0.44937008259997485
1.972,3.22905686415303,2.2053845060586603,0.002250122147880255,1.8087131474335696,0.0705879106671958,35.75570968918854,0.4521782868583924
1.974,3.24954775241474,2.2191250207298605,0.002212084255306949,1.8199742415741638,0.07083495968990798,35.72682052505506,0.45499356039354094
1.976,3.270096334751107,2.232899209578618,0.0021739763105734352,1.8312629292708442,0.07108281978949017,35.69825582790464,0.45781573231771105
1.978,3.2907013638280884,2.246706236488146,0.0021358028766049085,1.8425785252978277,0.07133147827113673,35.67001615030399,0.46064463132445693
1.98,3.3113615888852315,2.2605452633483316,0.002097568701181333,1.8539203427959816,0.07158092245970969,35.64210203853254,0.4634800856989954
1.982,3.332075755811586,2.274415450106606,0.00205927873355998,1.8652876933145144,0.07183113969979303,35.61451403257188,0.4663219233286286
1.984,3.352842607221845,2.2883159548189473,0.0020209381429924867,1.87667988685277,0.07208211735573852,35.58725266609524,0.4691699717131925
1.986,3.373660882532662,2.30224593370098,0.0019825523393855863,1.8880962319021097,0.0723338428117029,35.56031846645722,0.47202405797552743
1.988,3.3945293180391736,2.3162045411791956,0.001944126996391797,1.8995360354878872,0.07258630347167659,35.533711954683554,0.4748840088719718
1.99,3.4154466469916986,2.3301909299422783,0.001905668077259748,1.910998603211509,0.07283948675950402,35.50743364546112,0.47774965080287723
1.992,3.4364115996726485,2.3442042509925454,0.0018671818638244023,1.922483239292595,0.07309338011889621,35.48148404712782,0.48062080982314875
1.994,3.4574229034735944,2.358243653697479,0.0018286749890767035,1.9339892466112067,0.07334797101343445,35.45586366166292,0.4834973116528017
1.996,3.478479282972505,2.372308285841353,0.0017901544738215661,1.9455159267501598,0.07360324692656649,35.43057298467723,0.48637898168753996
1.998,3.4995794600111876,2.3863972936769793,0.0017516277680146122,1.9570625800374275,0.0738591953615952,35.40561250540356,0.4892656450093569
2.0,3.5207221537728586,2.400509821977518,0.0017131027974638768,1.9686285055886055,0.07411580384165864,35.38098270668724,0.49215712639715137
2.0020000000000002,3.541906080859904,2.414645014088405,0.0016745880166954862,1.980213001349463,0.07437305990970333,35.35668406497679,0.49505325033736575
2.004,3.563129955371758,2.4288020119793288,0.0016360924689153196,1.991815364138542,0.07463095112844925,35.33271705031469,0.4979538410346355
2.0060000000000002,3.5843924889830032,2.4429799562963477,0.0015976258541555968,2.003434889689869,0.07488946508034852,35.309082126328306,0.5008587224224672
2.008,3.605692391021526,2.457177986414022,0.0015591986068808294,2.0150708726956728,0.07514858936753549,35.28577975022089,0.5037677181739182
2.0100000000000002,3.6270283685469082,2.471395240487683,0.0015208219845467032,2.026722606849228,0.07540831161177118,35.2628103727628,0.506680651712307
2.012,3.6483991264288607,2.4856308555057183,0.0014825081688647252,2.038389384887701,0.07566861945437925,35.2401744382827,0.5095973462219252
2.0140000000000002,3.6698033674258936,2.4998839673419915,0.0014442703818317794,2.0500704986351055,0.07592950055617653,35.217872384659,0.5125176246587764
2.016,3.6912397922640174,2.5141537108082677,0.001406123018945722,2.061765239045272,0.07619094259739569,35.19590464331143,0.515441309761318
2.0180000000000002,3.7127070997156375,2.5284392197067507,0.0013680818024548551,2.0734728962449,0.07645293327760196,35.17427163919258,0.518368224061225
2.02,3.734203986678523,2.5427396268826485,0.001330163957991158,2.0851927595766355,0.07671546031560313,35.15297379077983,0.5212981898941589
2.0220000000000002,3.75572914825493,2.5570540642768287,0.0012923884185252203,2.0969241176422284,0.07697851144935357,35.132011510067116,0.5242310294105571
2.024,3.777281277830783,2.57138166297849,0.0012547760602659279,2.10866625834569,0.07724207443585136,35.11138520255706,0.5271665645864225
2.0260000000000002,3.798859067155013,2.5857215532779247,0.0012173499759193535,2.1204184689365406,0.07750613705103017,35.09109526725305,0.5301046172341352
2.028,3.8204612064189494,2.6000728647192974,0.0011801357916250436,2.1321800360530583,0.0777706870896446,35.071142096651606,0.5330450090132646
2.0300000000000002,3.8420863843358557,2.6144347261534993,0.00114316203490234,2.1439502457655957,0.07803571236515036,35.051526076734675,0.5359875614413989
2.032,3.8637332882204927,2.6288062657910087,0.0011064605620500858,2.1557283836198997,0.078301200709578,35.03224758696229,0.5389320959049749
2.0340000000000003,3.8854006040688294,2.643186611254829,0.0010700670546127833,2.1675137346804934,0.07856713997340192,35.01330700026514,0.5418784336701233
2.036,3.9070870166377816,2.657574889633425,0.0010340215956811177,2.179305583574063,0.07883351802540356,34.994704683037384,0.5448263958935158
2.0380000000000003,3.928791209525083,2.671970227533736,0.0009983693378019507,2.1911032145328986,0.07910032275252979,34.97644099512954,0.5477758036332246
2.04,3.9505118652491418,2.686371751134155,0.0009631612749088401,2.202905911438314,0.07936754205974551,34.95851628984161,0.5507264778595785
2.0420000000000003,3.972247665329072,2.7007785862376132,0.0009284551305870296,2.2147129578641502,0.07963516386988234,34.94093091391613,0.5536782394660376
2.044,3.9939972903646783,2.715189858324607,0.0008943163735917485,2.2265236371202297,0.07990317612348141,34.923685207531534,0.5566309092800574
2.0460000000000003,4.015759420116589,2.729604692606319,0.0008608193679882506,2.238337232295893,0.08017156677863277,34.90677950429554,0.5595843080739733
2.048,4.037532733586346,2.7440222140776793,0.0008280486583180075,2.2501530263034843,0.08044032381080879,34.89021413123874,0.5625382565758711
2.05,4.059315909096643,2.758441547570515,0.0007961003780356784,2.261970301921903,0.08070943521269489,34.87398940880822,0.5654925754804757
2.052,4.081107624371531,2.7728618178066626,0.0007650837497018958,2.2737883418401346,0.08097888899401488,34.85810565086139,0.5684470854600336
2.054,4.102906556616666,2.7872821494510847,0.0007351226150286622,2.2856064287007802,0.08124867318135243,34.84256316465992,0.5714016071751951
2.056,4.124711382599638,2.801701667165025,0.0007063568884505667,2.2974238451436193,0.08151877581796939,34.827362250863764,0.5743559612859048
2.058,4.146520778730262,2.8161194956591302,0.0006789437664024629,2.3092398738491378,0.0817891849636193,34.8125032035254,0.5773099684622844
2.06,4.168333421140961,2.8305347597465933,0.0006530584449002666,2.321053797582088,0.08205988869435836,34.79798631008407,0.580263449395522
2.062,4.1901479857670685,2.844946584396255,0.0006288940042967575,2.3328648992349996,0.0823308751023518,34.78381185136028,0.5832162248087499
2.064,4.211963148427272,2.8593540947857554,0.000606660025640108,2.3446724618717423,0.08260213229567848,34.76998010155034,0.5861681154679356
2.066,4.2337775849039305,2.8737564163546008,0.0005865794361736119,2.3564757687710136,0.08287364839813052,34.756491328221045,0.5891189421927534
2.068,4.255589971023505,2.8881526748572828,0.0005688830889798347,2.3682741034698687,0.08314541154901184,34.743345792304545,0.5920685258674672
2.07,4.277398982736891,2.9025419964163146,0.0005538017253571407,2.3800667498071895,0.08341740990293213,34.73054374809326,0.5950166874517974
2.072,4.2992032961998445,2.916923507575311,0.0005415553064164107,2.3918529919671774,0.08368963162959957,34.71808544323496,0.5979632479917943
2.074,4.321001587853293,2.9312963353519765,0.0005323402488470279,2.4036321145227864,0.08396206491361007,34.705971118728016,0.6009080286306966
2.076,4.342792534503707,2.9456596072911245,0.0005263157835651256,2.415403402479163,0.0842346979542346,34.69420100891666,0.6038508506197907
2.078,4.364574813403406,2.9600124515176107,0.0005235912794135407,2.4271661413170356,0.0845075189652042,34.682775341486554,0.6067915353292589
2.08,4.386347102330866,2.9743539967892865,0.0005242166597568467,2.438919617036103,0.08478051617449296,34.67169433746028,0.6097299042590257
2.082,4.408108079670961,2.9886833725498554,0.0005281777552252842,2.450663116198357,0.08505367782409899,34.66095821119316,0.6126657790495893
2.084,4.429856424495205,3.002999708981738,0.0005353975549404293,2.4623959259714017,0.08532699216982373,34.65056717036904,0.6155989814928504
2.086,4.451590816641916,3.0173021370588597,0.000545743096412936,2.474117334171712,0.08560044748104952,34.64052141599628,0.618529333542928
2.088,4.473309936796384,3.031589788599415,0.0005590366055755527,2.485826629307883,0.08587403204051634,34.63082114240394,0.6214566573269708
2.09,4.495012466570915,3.0458617963185515,0.000575068847630679,2.497523100623794,0.08614773414409613,34.62146653723789,0.6243807751559485
2.092,4.51669708858489,3.060117293881027,0.0005936126178778914,2.509206038141773,0.08642154210056721,34.61245778145734,0.6273015095354433
2.094,4.538362486544713,3.07435541595379,0.0006144347615618425,2.520874732705676,0.08669544423138668,34.60379504933116,0.630218683176419
2.096,4.560007345323736,3.0885752982585197,0.000637305791974053,2.532528476023954,0.08696942887046302,34.595478508434674,0.6331321190059885
2.098,4.581630351042058,3.10277607762407,0.000662006821837991,2.5441665607126227,0.08724348436392702,34.587508319646325,0.6360416401781557
2.1,4.603230191146307,3.1169568920388846,0.0006883339882366359,2.5557882803382257,0.08751759906990303,34.579884637144566,0.6389470700845564
2.102,4.624805554489293,3.1311168807033045,0.0007161008040089119,2.567392929460692,0.08779176135827914,34.572607608404915,0.641848232365173
2.104,4.646355131409626,3.1452551840818432,0.0007451389480532178,2.578979803676185,0.08806595961047825,34.56567737419709,0.6447449509190463
2.106,4.667877613811168,3.1593709439553295,0.0007752979766554683,2.590548199659827,0.08834018221922742,34.55909406858225,0.6476370499149567
2.108,4.689371695242492,3.1734633034730386,0.0008064443547607224,2.602097415208426,0.0886144175883293,34.552857818910454,0.6505243538021065
2.11,4.710836070976138,3.187531407204675,0.0008384601091511669,2.6136267492830734,0.0888886541324322,34.54696874581818,0.6534066873207683
2.112,4.732269438087854,3.2015744011923246,0.0008712413163475537,2.625135502051718,0.08916288027680172,34.541426963225966,0.6562838755129295
2.114,4.753670495535634,3.2155914330022584,0.0009046965656119742,2.6366229749316257,0.08943708445709189,34.53623257833624,0.6591557437329064
2.116,4.775037944238755,3.2295816517767144,0.0009387454831312291,2.6480884706318077,0.08971125511911845,34.53138569163122,0.6620221176579519
2.118,4.796370487156582,3.2435442082855155,0.000973317365160309,2.6595312931953257,0.08998538071863152,34.526886396871,0.6648828232988314
2.12,4.81766682936733,3.2574782549776384,0.0010083499422629965,2.670950748041553,0.09025944972109048,34.52273478109169,0.6677376870103883
2.122,4.83892567814665,3.271382946032648,0.0010437882804814873,2.682346142008325,0.09053345060143939,34.518930924603794,0.6705865355020812
2.124,4.8601457430461235,3.285257437412055,0.001079583815506688,2.6937167833940263,0.09080737184388424,34.51547490099061,0.6734291958485066
2.126,4.881325735971563,3.2991008869105327,0.001115693510558745,2.7050619819995654,0.09108120194167096,34.51236677710681,0.6762654954998913
2.128,4.902464371261231,3.312912454207059,0.0011520791261672948,2.7163810491702822,0.09135492939686614,34.50960661307717,0.6790952622925706
2.13,4.923560365763857,3.3266913009159045,0.0011887065892814332,2.727673297837736,0.09162854272013848,34.50719446229539,0.681918324459434
2.132,4.944612438916553,3.3404365906375486,0.0012255454494146292,2.7389380425614327,0.09190203043054332,34.50513037142306,0.6847345106403582
2.134,4.965619312822521,3.3541474890094243,0.0012625684103668789,2.7501745995704074,0.09217538105530794,34.50341438038876,0.6875436498926019
2.136,4.986579712328641,3.3678231637565896,0.001299750927167273,2.761382286804749,0.0924485831296206,34.50204652238731,0.6903455717011873
2.138,5.00749236510286,3.381462784742226,0.0013370708590631792,2.77256042395699,0.09272162519642066,34.50102682387909,0.6931401059892475
2.14,5.02835600171145,3.395065524018052,0.0013745081705424894,2.783708332513415,0.09299449580619247,34.50035530458953,0.6959270831283537
2.142,5.049169355696023,3.408630555874554,0.0014120446734562273,2.794825335795226,0.0932671835167607,34.5000319775088,0.6987063339488065
2.144,5.069931163650458,3.422157056891139,0.0014496638042842366,2.8059107589996457,0.09353967689308972,34.500056848891425,0.7014776897499114
2.146,5.090640165297544,3.4356442059860868,0.0014873504314483089,2.816963929240849,0.09381196450708523,34.500429918256316,0.7042409823102123
2.148,5.111295103565527,3.4490911844664223,0.0015250906883276082,2.8279841755908386,0.09408403493739936,34.50115117838666,0.7069960438977096
2.15,5.131894724664362,3.462497176077576,0.0015628718282780835,2.8389708291201385,0.0943558767692388,34.50222061533012,0.7097427072800346
2.152,5.152437778161881,3.4758613670529708,0.001600682098511423,2.849923222938431,0.09462747859417682,34.50363820839907,0.7124808057346077
2.154,5.172923017059642,3.489182946163383,0.0016385106301607388,2.860840692235009,0.09489882900996839,34.505403930171056,0.7152101730587522
2.156,5.193349197868669,3.5024611047662186,0.001676347342260745,2.871722574319158,0.09516991662036943,34.50751774648925,0.7179306435797895
2.158,5.2137150806848895,3.5156950368545616,0.001714182857709413,2.8825682086603517,0.09544073003495937,34.509979616463156,0.7206420521650879
2.16,5.234019429264446,3.528883939106143,0.0017520084295652538,2.89337693692838,0.0957112578689687,34.5127894924694,0.723344234232095
2.162,5.254261011098697,3.5420270109320655,0.0017898158762770903,2.9041481030332825,0.09598148874310944,34.51594732015263,0.7260370257583206
2.164,5.274438597489057,3.5551234545254258,0.0018275975246485646,2.9148810531651907,0.09625141128341098,34.519453038426576,0.7287202632912977
2.166,5.294550963621568,3.568172474909727,0.0018653461595132918,2.925575135834005,0.09652101412105955,34.52330657947526,0.7313937839585013
2.168,5.314596888641266,3.5811732799871527,0.0019030549792436854,2.936229701908955,0.09679028589224307,34.52750786875426,0.7340574254772387
2.17,5.3345751557262595,3.594125080586626,0.0019407175563410815,2.946844104657982,0.09705921523799953,34.532056824992196,0.7367110261644955
2.172,5.35448455216162,3.6070270905117336,0.001978327802460619,2.957417699787014,0.09732779080407165,34.53695336019224,0.7393544249467535
2.174,5.374323869412976,3.619878526588434,0.002015879937314166,2.967949845479064,0.09759600124076515,34.54219737963392,0.741987461369766
2.176,5.394091903199897,3.6326786087126157,0.002053368460971107,2.9784399024332004,0.09786383520281326,34.547788781874836,0.7446099756083001
2.178,5.413787453568963,3.645426559897427,0.002090788129141971,2.988887233903339,0.09813128134924548,34.553727458752725,0.7472218084758347
2.18,5.433409324966637,3.6581216063204653,0.002128133931085586,2.9992912057369074,0.0983983283432626,34.56001329538746,0.7498228014342269
2.182,5.452956326311805,3.6707629773707247,0.002165401069828015,3.009651186413327,0.09866496485211629,34.566646170183375,0.7524127966033317
2.184,5.472427271068113,3.6833499056954007,0.002202584944422358,3.019966547082361,0.09893117954699544,34.5736259548315,0.7549916367705902
2.186,5.49182097731595,3.695881627246439,0.002239681134013485,3.030236661602269,0.09919696110291688,34.58095251431215,0.7575591654005672
2.188,5.5111362678242335,3.708357381326947,0.0022766853835019057,3.0404609065778323,0.09946229819862344,34.58862570689748,0.7601152266444581
2.19,5.530371970121833,3.7207764106373373,0.0023135935906268843,3.050638661398178,0.09972717951648659,34.59664538415422,0.7626596653495445
2.192,5.549526916568782,3.733137961321331,0.0023504017943113227,3.060769308274472,0.09999159374241663,34.60501139094659,0.765192327068618
2.194,5.568599944427101,3.74544128301168,0.0023871061641302506,3.070852232277388,0.10025552956577748,34.61372356543926,0.767713058069347
2.196,5.587589895931437,3.757685628875752,0.0024237029907815707,3.08088682137447,0.10051897567930965,34.62278173910049,0.7702217053436174
2.198,5.606495618359294,3.769870255660837,0.0024601886774521927,3.0908724664672533,0.10078192077905807,34.632185736705416,0.7727181166168133
2.2,5.625315964101042,3.781994423739287,0.0024965597319853857,3.1008085614282646,0.10104435356430772,34.6419353763394,0.7752021403570661
2.202,5.64404979072954,3.7940573971533835,0.00253281275976613,3.1106945031377826,0.10130626273752492,34.65203046940159,0.7776736257844457
2.204,5.662695961069527,3.8060584436600458,0.0025689444572509195,3.120529691520482,0.1015676370043067,34.66247082060852,0.7801324228801205
2.206,5.681253343266614,3.8179968347752524,0.0026049516060767646,3.1303135295818323,0.10182846507333573,34.67325622799793,0.7825783823954581
2.208,5.699720810856011,3.829871845818275,0.002640831067691578,3.1400454234443513,0.10208873565634351,34.684386482932666,0.7850113558610878
2.21,5.718097242830889,3.841682755955658,0.002676579778454482,3.1497247823836445,0.10234843746807971,34.69586137010469,0.7874311955959111
2.212,5.736381523710453,3.853428848244992,0.002712194745160291,3.1593510188642755,0.10260755922628985,34.70768066753927,0.7898377547160689
2.214,5.75457254360762,3.8651094096784098,0.0027476730409473297,3.168923548575413,0.10286608965169906,34.719844146599264,0.7922308871438533
2.216,5.772669198296419,3.8767237312258853,0.002783011801552188,3.178441790466314,0.10312401746800477,34.73235157198957,0.7946104476165785
2.218,5.790670389278995,3.888271107878262,0.0028182082218788144,3.1879051667815816,0.10338133140187539,34.745202701761585,0.7969762916953954
2.22,5.808575023852327,3.8997508386900623,0.0028532595528528108,3.1973131030962527,0.10363802018295855,34.75839728731804,0.7993282757740632
2.222,5.826382015174505,3.911162226822014,0.0028881630985347698,3.206665028350643,0.10389407254389495,34.77193507341766,0.8016662570876607
2.224,5.84409028233075,3.9225045795833724,0.0029229162134691965,3.215960374885033,0.10414947722034228,34.78581579818019,0.8039900937212583
2.226,5.8616987503989995,3.93377720847395,0.0029575163002479197,3.22519857847411,0.1044042229510053,34.800039193091436,0.8062996446185275
2.228,5.879206350515177,3.9449794292259286,0.002991960807269014,3.23437907836123,0.10465829847767529,34.81460498300844,0.8085947695903075
2.23,5.896612019938042,3.9561105618453674,0.003026247226674103,3.243501317292439,0.10491169254527671,34.82951288616482,0.8108753293231098
2.232,5.913914702113747,3.967169930653514,0.003060373092448638,3.25256474155032,0.10516439390192295,34.84476261417626,0.81314118538758
2.234,5.931113346739922,3.978156864327787,0.003094335978671182,3.261568800987584,0.10541639129897962,34.860353872046005,0.815392200246896
2.236,5.948206909829479,3.9890706959425573,0.0031281334978991017,3.270512949060486,0.10566767349113725,34.87628635817064,0.8176282372651215
2.238,5.965194353773932,3.999910763009597,0.003161763299679234,3.279396642861973,0.10591822923649101,34.89255976434587,0.8198491607154933
2.24,5.9820746474064315,4.010676407518329,0.0031952230691732024,3.2882193431546702,0.10616804729663097,34.90917377577252,0.8220548357886676
2.242,5.998846766064317,4.0213669759757416,0.0032285105258879473,3.296980514403587,0.10641711643673936,34.92612807106264,0.8242451286008967
2.244,6.015509691651352,4.0319818194460755,0.003261623422502985,3.3056796248086444,0.10666542542569764,34.943422322245645,0.8264199062021611
2.246,6.032062412699483,4.042520293590198,0.0032945595437865773,3.3143161463369357,0.1069129630362015,34.96105619477476,0.8285790365842339
2.248,6.048503924430284,4.052981758704735,0.003327316705593807,3.3228895547548016,0.10715971804488603,34.9790293475334,0.8307223886887004
2.25,6.064833228815906,4.063365579760886,0.003359892753940065,3.3313993296596323,0.10740567923245857,34.99734143284183,0.8328498324149081
2.2520000000000002,6.081049334639689,4.07367112644298,0.003392285564144105,3.339844954511468,0.10765083538384158,35.01599209646387,0.834961238627867
2.254,6.09715125755631,4.083897773186728,0.00342449304003529,3.3482259166643447,0.10789517528832394,35.034980977613735,0.8370564791660862
2.2560000000000002,6.113138020151554,4.094044899217214,0.0034565131132201386,3.3565417073974237,0.1081386877397222,35.05430770896306,0.8391354268493559
2.258,6.129008652001627,4.104111888586555,0.0034883437424036595,3.364791821945861,0.10838136153655019,35.07397191664792,0.8411979554864653
2.2600000000000002,6.14476218973207,4.114098130211305,0.003519982912761398,3.3729757595314527,0.10862318548219904,35.093973220276176,0.8432439398828632
2.262,6.160397677076235,4.124003017909537,0.0035514286353584027,3.3810930233930248,0.1088641483851253,35.11431123293471,0.8452732558482562
2.2640000000000002,6.175914164933344,4.133825950437659,0.003582678946611676,3.3891431208166054,0.10910423905904999,35.13498556119703,0.8472857802041514
2.266,6.1913107114260795,4.143566331526887,0.003613731907792922,3.3971255631653094,0.10934344632316577,35.155995805130786,0.8492813907913274
2.2680000000000002,6.206586381957778,4.153223569919454,0.00364458560456869,3.4050398659090186,0.10958175900235459,35.17734155830555,0.8512599664772547
2.27,6.221740249269143,4.162797079404495,0.0036752381465752215,3.412885548653777,0.10981916592741459,35.19902240780067,0.8532213871634442
2.2720000000000002,6.236771393494558,4.172286278853638,0.003705687667025545,3.420662135170969,0.11005565593529687,35.22103793421328,0.8551655337927423
2.274,6.251678902217886,4.181690592256264,0.0037359323223465257,3.4283691534262086,0.11029121786935153,35.243387711666344,0.8570922883565522
2.2760000000000002,6.266461870527899,4.191009448754495,0.0037659702918438017,3.436006135608009,0.11052584057958434,35.266071307817015,0.8590015339020023
2.278,6.281119401073164,4.200242282677822,0.0037957997773926406,3.443572618156163,0.11075951292292212,35.28908828386485,0.8608931545390407
2.2800000000000002,6.295650604116554,4.209388533577462,0.003825419003152969,3.4510681417899005,0.11099222376348909,35.312438194560436,0.8627670354474751
2.282,6.310054597589216,4.218447646260359,0.0038548262153068735,3.4584922515357435,0.11122396197289187,35.33612058821388,0.8646230628839359
2.2840000000000003,6.324330507144157,4.227419070822906,0.003884019681817108,3.465844496755148,0.1114547164305161,35.360135006703686,0.866461124188787
2.286,6.338477466209278,4.236302262684309,0.00391299769220514,3.4731244311718408,0.11168447602383101,35.384480985485446,0.8682811077929602
2.2880000000000003,6.352494616040009,4.245096682619653,0.003941758557347464,3.4803316128989175,0.1119132296487058,35.409158053601004,0.8700829032247294
2.29,6.366381105771408,4.253801796792622,0.003970300609288955,3.487465604465658,0.1121409662097349,35.43416573368743,0.8718664011164144
2.2920000000000003,6.380136092469843,4.262417076787927,0.003998622201072138,3.494525972844095,0.11236767462057395,35.45950354198632,0.8736314932110237
2.294,6.39375874118412,4.270941999643353,0.004026721706581342,3.501512289475281,0.11259334380428518,35.485170988353154,0.8753780723688203
2.2960000000000003,6.407248224996204,4.2793760478815255,0.004054597520400748,3.508424130295318,0.11281796269369398,35.511167576266736,0.8771060325738295
2.298,6.420603725071383,4.28771870954131,0.004082248057685465,3.5152610757610865,0.11304152023175441,35.53749280283884,0.8788152689402716
2.3000000000000003,6.433824430708,4.295969478208899,0.004109671754044761,3.522022710875724,0.11326400537192582,35.564146158823945,0.880505677718931
2.302,6.446909539386639,4.304127853048542,0.004136867065436702,3.528708625213806,0.113485407078559,35.59112712862903,0.8821771563034515
2.3040000000000003,6.45985825681886,4.312193338832954,0.004163832468073448,3.5353184129462627,0.11370571432729303,35.61843519032361,0.8838296032365657
2.306,6.472669796995394,4.32016544597337,0.004190566458336558,3.5418516728650125,0.11392491610546183,35.646069815649774,0.8854629182162531
2.308,6.485343382233878,4.328043690549274,0.004217067552701655,3.5483080084073184,0.11414300141251166,35.67403047003248,0.8870770021018296
2.31,6.497878243226043,4.335827594337767,0.004243334287671882,3.5546870276798566,0.11435995926042802,35.70231661258983,0.8886717569199641
2.312,6.510273619084415,4.343516684842591,0.004269365219719582,3.5609883434825047,0.11457577867417323,35.73092769614353,0.8902470858706262
2.314,6.522528757388515,4.351110495322825,0.004295158925235718,3.5672115733318486,0.11479044869213445,35.759863167229554,0.8918028933329621
2.316,6.534642914230514,4.358608564821199,0.0043207140004865325,3.573356339484392,0.11500395836658132,35.78912246610873,0.893339084871098
2.318,6.546615354260408,4.366010438192095,0.004346029061577018,3.5794222689594997,0.11521629676413477,35.81870502677771,0.8948555672398749
2.32,6.558445350730632,4.373315666129152,0.004371102744420778,3.585408993562017,0.11542745296624475,35.848610276979755,0.8963522483905042
2.322,6.570132185540203,4.380523805192562,0.004395933704715893,3.591316149904643,0.11563741606967987,35.87883763821598,0.8978290374761607
2.324,6.581675149278286,4.387634417835971,0.004420520617926417,3.5971433794299688,0.11584617518702565,35.90938652575639,0.8992858448574922
2.326,6.5930735412672705,4.3946470724330515,0.004444862179269182,3.602890328432255,0.1160537194471942,35.94025634865129,0.9007225821080638
2.328,6.604326669605291,4.401561343303686,0.004468957103705576,3.6085566480788915,0.11626003799594328,35.9714465097427,0.9021391620197229
2.33,6.6154338512082465,4.408376810739832,0.004492804125938012,3.6141419944315873,0.11646511999640634,36.002956405675846,0.9035354986078968
2.332,6.626394411851236,4.415093061030971,0.0045164020004107895,3.619646028467227,0.11666895462963182,36.0347854269109,0.9049115071168068
2.334,6.637207686209517,4.421709686489243,0.004539749501315111,3.625068416098469,0.11687153109513361,36.06693295773479,0.9062671040246173
2.336,6.6478730178988625,4.42822628547418,0.00456284542259799,3.6304088281940117,0.11707283861145061,36.099398376272994,0.9076022070485029
2.338,6.658389759515431,4.434642462417097,0.004585688577974822,3.6356669405985813,0.11727286641671769,36.132181054501714,0.9089167351496453
2.34,6.668757272675037,4.440957827845092,0.0046082778009454185,3.6408424341525985,0.11747160376924504,36.1652803582599,0.9102106085381496
2.342,6.6789749280519315,4.447171998404701,0.004630611944813287,3.6459349947115633,0.11766903994810947,36.1986956472616,0.9114837486778908
2.344,6.689042105416979,4.453284596885157,0.004652689882707971,3.6509443131651116,0.11786516425375422,36.232426275108324,0.9127360782912779
2.346,6.698958193675327,4.459295252241295,0.004674510507610271,3.6558700854557915,0.11805996600859972,36.26647158930153,0.9139675213639479
2.348,6.7087225909034744,4.465203599616065,0.004696072732380195,3.6607120125975032,0.11825343455766363,36.300830931255284,0.9151780031493758
2.35,6.718334704385839,4.471009280362695,0.004717375489787456,3.665469800693667,0.11844555926919158,36.33550363630892,0.9163674501734167
2.352,6.727793950650715,4.476711942066446,0.004738417732544391,3.6701431609550452,0.11863632953529696,36.370489033740014,0.9175357902387613
2.354,6.7370997555056995,4.482311238566016,0.0047591984333411564,3.6747318097172856,0.11882573477261127,36.405786446777284,0.9186829524293214
2.356,6.746251554072542,4.487806829974539,0.004779716584883074,3.679235468458129,0.11901376442294369,36.44139519261366,0.9198088671145322
2.358,6.755248790821444,4.493198382700238,0.0047999711999299945,3.6836538638143272,0.1192004079539511,36.477314582419574,0.9209134659535818
2.36,6.764090919604766,4.49848556946665,0.004819961311337584,3.6879867275982225,0.11938565485981686,36.513543921356195,0.9219966818995556
2.362,6.772777403690193,4.503668069332512,0.004839685972100417,3.6922337968140417,0.11956949466194038,36.550082508588964,0.9230584492035104
2.364,6.7813077157933,4.508745567711226,0.004859144255396768,3.696394813673844,0.11975191690963494,36.58692963730104,0.924098703418461
2.366,6.789681338109581,4.513717756389975,0.004878335254635031,3.700469525613189,0.11993291118083678,36.62408459470711,0.9251173814032972
2.368,6.797897762345855,4.518584333548411,0.004897258083501658,3.704457685306443,0.12011246708282176,36.66154666206701,0.9261144213266107
2.37,6.805956489751141,4.523345003776988,0.00491591187601054,3.708359050681814,0.12029057425293295,36.699315114699814,0.9270897626704535
2.372,6.813857031146921,4.527999478094895,0.004934295786553768,3.712173384936034,0.12046722235931706,36.73738922199769,0.9280433462340085
2.374,6.821598906956843,4.5325474739675915,0.0049524089899536826,3.715900456548734,0.12064240110166972,36.77576824744013,0.9289751141371835
2.376,6.829181647235817,4.536988715323958,0.0049702506815161585,3.719540039296497,0.12081610021199088,36.81445144860817,0.9298850098241243
2.378,6.836604791698564,4.541322932573063,0.004987820077085058,3.723091912266597,0.12098830945534869,36.85343807719875,0.9307729780666493
2.38,6.843867889747533,4.545549862620515,0.005005116413097799,3.726555859870399,0.1211590186306526,36.89272737903918,0.9316389649675998
2.382,6.850970500500273,4.5496692488844435,0.005022138946641976,3.7299316718564506,0.12132821757143585,36.93231859410176,0.9324829179641126
2.384,6.857912192816175,4.553680841311065,0.005038886955512995,3.733219143323242,0.12149589614664633,36.972210956518424,0.9333047858308104
2.386,6.864692545322667,4.557584396389868,0.005055359738272667,3.736418074731644,0.12166204426144674,37.01240369459565,0.934104518682911
2.388,6.871311146440766,4.561379677168392,0.005071556614308726,3.739528271917022,0.12182665185802344,37.05289603082926,0.9348820679792555
2.39,6.877767594410083,4.565066453266613,0.005087476923895226,3.7425495461010203,0.12198970891640369,37.09368718191961,0.9356373865252551
2.392,6.8840614973132,4.568644500890927,0.005103120028253778,3.745481713903022,0.12215120545528219,37.1347763587866,0.9363704284757555
2.394,6.890192473099463,4.57211360284773,0.005118485309615613,3.7483245973512758,0.12231113153285521,37.17616276658504,0.9370811493378189
2.396,6.896160149608168,4.575473548556608,0.005133572171284415,3.751078023893705,0.12246947724766404,37.21784560471997,0.9377695059734262
2.398,6.90196416459116,4.578724134063121,0.005148380037699914,3.75374182640838,0.12262623273944621,37.25982406686216,0.938435456602095
2.4,6.907604165734818,4.581865162051174,0.00516290835450221,3.7563158432136565,0.1227813881899951,37.302097340963726,0.9390789608034141
2.402,6.91307981068144,4.584896441855006,0.005177156588596809,3.758799918078002,0.12293493382402813,37.34466460927384,0.9396999795195005
2.404,6.918390767050026,4.587817789470756,0.005191124228220349,3.7611939002294617,0.12308685991006206,37.38752504835449,0.9402984750573654
2.406,6.923536712456454,4.590629027567634,0.005204810783006996,3.7634976443648283,0.12323715676129735,37.430677829096496,0.9408744110912071
2.408,6.92851733453305,4.593329985498686,0.0052182157840555,3.765711010658449,0.12338581473650947,37.47412211673549,0.9414277526646122
2.41,6.933332330947548,4.595920499311153,0.005231338783996907,3.7678338647707204,0.12353282424094857,37.51785707086806,0.9419584661926801
2.412,6.9379814094214405,4.598400411756423,0.00524417935706289,3.7698660778562365,0.12367817572724633,37.56188184546807,0.9424665194640591
2.414,6.942464287747725,4.600769572299573,0.005256737099154732,3.7718075265716138,0.12382185969633082,37.60619558890294,0.9429518816429034
2.416,6.946780693808033,4.603027837128515,0.00526901162791291,3.7736580930829806,0.12396386669834837,37.65079744395019,0.9434145232707452
2.418,6.9509303655891435,4.605175069162715,0.005281002582787315,3.7754176650731215,0.12410418733359295,37.69568654781399,0.9438544162682804
2.42,6.95491305119889,4.607211138061521,0.005292709625108081,3.777086135748301,0.12424281225344265,37.74086203214186,0.9442715339370753
2.422,6.958728508881458,4.609135920232076,0.005304132438157038,3.778663403844746,0.12437973216130332,37.78632302304145,0.9446658509611865
2.424,6.962376507032047,4.610949298836813,0.005315270727239773,3.7801493736347886,0.12451493781355935,37.83206864109745,0.9450373434086972
2.426,6.965856824210942,4.612651163800554,0.005326124219758331,3.7815439549326797,0.12464842002053068,37.87809800138866,0.9453859887331699
2.428,6.969169249156943,4.614241411817188,0.005336692665284526,3.7828470631000592,0.12478016964743717,37.92441021350498,0.9457117657750148
2.43,6.972313580800202,4.615719946355949,0.005346975835633905,3.784058619051103,0.12491017761536949,37.9710043815648,0.9460146547627758
2.432,6.975289628274416,4.61708667766726,0.0053569735249403465,3.7851785492573096,0.12503843490226585,38.01787960423218,0.9462946373143274
2.434,6.978097210928421,4.6183415227882,0.0053666855497313155,3.786206785751975,0.12516493254389602,38.06503497473437,0.9465516964379938
2.436,6.980736158337155,4.619484405547524,0.005376111749003789,3.787143266134307,0.12528966163485053,38.112469580879335,0.9467858165335767
2.438,6.983206310312004,4.620515256570299,0.005385251984300864,3.787987933573228,0.1254126133295371,38.160182505073394,0.946996983393307
2.44,6.985507516910525,4.621434013282107,0.0053941061397890545,3.7887407368108095,0.12553377884318176,38.208172824338966,0.9471851842027024
2.442,6.987639638445545,4.622240619912846,0.00540267412233632,3.7894016301653894,0.12565314945283684,38.256439610332436,0.9473504075413474
2.444,6.989602545493648,4.622935027500116,0.005410955861590804,3.789970573534347,0.12577071649839386,38.304981929362086,0.9474926433835867
2.446,6.9913961189030225,4.62351719389219,0.005418951310060345,3.7904475323965316,0.1258864713836026,38.353798842406235,0.9476118830991329
2.448,6.9930202498007,4.623987083750575,0.005426660443192759,3.790832477814363,0.12600040557709474,38.40288940513127,0.9477081194535908
2.45,6.994474839599159,4.624344668552153,0.005434083259456911,3.7911253864355845,0.1261125106134141,38.452252667910074,0.9477813466088961
2.452,6.995759800002318,4.624589926590917,0.005441219780424626,3.7913262404946804,0.12622277809404978,38.50188767584023,0.9478315601236701
2.454,6.996875053010886,4.624722842979284,0.005448070050853439,3.7914350278139564,0.12633119968847698,38.55179346876265,0.9478587569534891
2.456,6.997820530927098,4.624743409649003,0.005454634138770231,3.7914517418042752,0.1264377671352001,38.60196908128,0.9478629354510688
2.458,6.99859617635883,4.624651625351642,0.0054609121355557715,3.7913763814654575,0.1265424722428023,38.65241354277552,0.9478440953663644
2.46,6.999201942223081,4.624447495658664,0.005466904156030201,3.791208951386346,0.12664530689099873,38.7031258774317,0.9478022378465865
2.462,6.999637791748827,4.62413103296109,0.00547261033853949,3.790949461744518,0.1267462630316938,38.754105104249184,0.9477373654361295
2.464,6.999903698479261,4.623702256468746,0.005478030845042902,3.7905979283056777,0.1268453326900438,38.80535023706575,0.9476494820764194
2.466,6.999999646273385,4.623161192209099,0.005483165861201508,3.7901543724226916,0.12694250796552234,38.856860284575376,0.9475385931056729
2.468,6.9999256293070085,4.623073311869247,0.00548801559646777,3.790082480881602,0.12705007894653156,38.90863425034744,0.9475206202204005
2.47,6.999681652073085,4.622912178066034,0.005492580284176264,3.7899505750360145,0.1271566093989636,38.96067113284601,0.9474876437590036
2.472,6.999267729381451,4.622638804454627,0.005496860181635551,3.789726686083911,0.1272612436137059,39.0129699254491,0.9474316715209777
2.474,6.99868388635792,4.622253207629268,0.0055008555702212615,3.7894108276297125,0.12736397336528124,39.06552961646834,0.9473527069074281
2.476,6.997930158442762,4.621755410996345,0.0055045667554704265,3.789003018860492,0.1274647905043206,39.11834918916835,0.947250754715123
2.478,6.997006591388546,4.621145444772962,0.005507994067177106,3.788503284544814,0.1275636869586604,39.17142762178656,0.9471258211362035
2.48,6.995913241257371,4.620423345985112,0.005511137859489363,3.7879116550312255,0.12766065473444171,39.224763887552875,0.9469779137578064
2.482,6.994650174417457,4.619589158465425,0.00551399851100762,3.7872281662464173,0.12775568591721387,39.27835695470959,0.9468070415616043
2.484,6.99321746753912,4.6186429328505065,0.005516576424884481,3.78645285969304,0.12784877267304065,39.332205786531325,0.94661321492326
2.486,6.991615207590112,4.617584726577868,0.005518872028926032,3.7855857824471855,0.1279399072496098,39.38630934134509,0.9463964456117964
2.488,6.989843491830349,4.616414603882436,0.005520885775694698,3.7846269871555314,0.12802908197734486,39.44066657255045,0.9461567467888828
2.49,6.987902427806003,4.615132635792659,0.005522618142613718,3.78357653203214,0.12811628927052007,39.49527642863971,0.945894133008035
2.492,6.985792133342977,4.61373890012619,0.005524069632073269,3.7824344808549313,0.12820152162837756,39.55013785321834,0.9456086202137328
2.494,6.9835127365397485,4.612233481485163,0.0055252407715383435,3.7812009029618054,0.1282847716362467,39.60524978502537,0.9453002257404514
2.496,6.981064375759594,4.610616471251058,0.005526132113658391,3.7798758732464313,0.12836603196666563,39.66061115795389,0.9449689683116078
2.498,6.978447199622198,4.608887967579162,0.005526744236378828,3.7784594721537115,0.12844529538050492,39.71622090107174,0.9446148680384279
2.5,6.975661366994618,4.607048075392598,0.005527077743054462,3.7769517856748864,0.12852255472809257,39.77207793864214,0.9442379464187216
2.5020000000000002,6.972707046981655,4.605096906375962,0.005527133262564904,3.7753529053423214,0.12859780295034123,39.82818119014462,0.9438382263355803
2.504,6.969584418915579,4.60303457896855,0.005526911449432039,3.7736629282239496,0.12867103307987593,39.88452957029577,0.9434157320559874
2.5060000000000002,6.966293672345244,4.600861218357153,0.005526412983939629,3.771881956917374,0.1287422382421639,39.94112198907038,0.9429704892293435
2.508,6.962835007024592,4.598576956468476,0.005525638572255109,3.770010099543649,0.1288114116566448,39.99795735172242,0.9425025248859122
2.5100000000000002,6.959208632900508,4.596181931961115,0.005524588946553671,3.7680474697407065,0.1288785466378622,40.05503455880629,0.9420118674351766
2.512,6.955414770100102,4.5936762902171475,0.005523264865144705,3.7659941866564655,0.12894363659659536,40.112352506198015,0.9414985466641164
2.5140000000000002,6.951453648917319,4.591060183333307,0.005521667112600673,3.7638503749415966,0.12900667504099206,40.16991008511671,0.9409625937353991
2.516,6.947325509798984,4.58833377011175,0.005519796499888503,3.761616164741955,0.12906765557770114,40.227706182145866,0.9404040411854887
2.5180000000000002,6.943030603330189,4.585497216050414,0.005517653864503594,3.75929169169068,0.12912657191300547,40.285739679255094,0.93982292292267
2.52,6.938569190219094,4.582550693332977,0.005515240070606501,3.756877096899962,0.12918341785395468,40.34400945382156,0.9392192742249905
2.5220000000000002,6.933941541281093,4.579494380818398,0.005512556009162413,3.754372526952475,0.1292381873094979,40.40251437865185,0.9385931317381188
2.524,6.929147937422379,4.576328464030067,0.005509602598083491,3.7517781338924836,0.12929087429161584,40.46125332200364,0.9379445334731209
2.5260000000000002,6.924188669622895,4.57305313514454,0.005506380782374174,3.749094075216607,0.12934147291645223,40.52022514760773,0.9372735188041518
2.528,6.919064038918666,4.569668592979875,0.005502891534279552,3.7463205138642635,0.12938997740544442,40.57942871468992,0.9365801284660659
2.5300000000000002,6.913774356383526,4.566175042983561,0.0054991358534368885,3.7434576182077746,0.12943638208645328,40.6388628779931,0.9358644045519436
2.532,6.9083199431102384,4.562572697220048,0.005495114767030409,3.7405055620421472,0.12948068139489116,40.69852648779945,0.9351263905105368
2.5340000000000003,6.902701130191006,4.558861774357878,0.0054908293299494515,3.7374645245745257,0.12952286987484948,40.75841838995261,0.9343661311436314
2.536,6.8969182586973705,4.555042499656406,0.0054862806249500766,3.7343346904133123,0.12956294218022377,40.818537425880066,0.9335836726033281
2.5380000000000003,6.890971679659505,4.551115104952128,0.005481469762820265,3.7311162495569543,0.12960089307583736,40.87888243261555,0.9327790623892386
2.54,6.884861754044914,4.547079828644611,0.005476397882548791,3.7278093973824222,0.12963671743856311,40.93945224282148,0.9319523493456056
2.5420000000000003,6.878588852736517,4.542936915682018,0.005471066151497901,3.72441433463334,0.1296704102584429,41.00024568481166,0.931103583658335
2.544,6.872153356510137,4.538686617546243,0.005465475765579899,3.7209312674078054,0.12970196663980446,41.06126158257377,0.9302328168519514
2.5460000000000003,6.865555656011383,4.534329192237638,0.005459627949437767,3.7173604071458732,0.12973138180237623,41.122498755792336,0.9293401017864683
2.548,6.858796151731949,4.529864904259365,0.0054535239566299385,3.7137019706167305,0.12975865108239878,41.18395601987134,0.9284254926541826
2.5500000000000003,6.851875253985283,4.525294024601326,0.005447165069819336,3.709956179905524,0.1297837699337338,41.24563218595732,0.927489044976381
2.552,6.8447933828817025,4.520616830723724,0.00544055260096682,3.706123262399892,0.12980673392896955,41.30752606096223,0.926530815599973
2.5540000000000003,6.837550968302875,4.515833606540214,0.005433687891529147,3.7022034507761528,0.12982753876052303,41.36963644758661,0.9255508626940382
2.556,6.830148449875738,4.510944642400676,0.005426572312661606,3.698196982985187,0.12984618024173894,41.4319621443427,0.9245492457462967
2.5580000000000003,6.822586276945797,4.505950235073579,0.005419207265425412,3.694104102237984,0.12986265430798405,41.49450194557772,0.923526025559496
2.56,6.814864908549867,4.5008506877279775,0.0054115941810000566,3.6899250569908895,0.12987695701773863,41.5572546414971,0.9224812642477224
2.562,6.806984813388201,4.49564630991511,0.005403734520900688,3.68566010093052,0.12988908455368298,41.62021901818806,0.92141502523263
2.564,6.798946469796024,4.490337417549592,0.005395629777200708,3.681309492958352,0.12989903322377958,41.68339385764289,0.920327373239588
2.566,6.790750365714529,4.48492433289026,0.005387281472759704,3.6768734971750296,0.12990679946235148,41.74677793778265,0.9192183742937574
2.568,6.782396998661224,4.479407384520594,0.005378691161456857,3.672352382864305,0.12991237983115464,41.810370032480755,0.9180880957160763
2.57,6.7738868756997626,4.473786907328789,0.00536986042843,3.6677464244767197,0.12991577102044677,41.87416891158669,0.9169366061191799
2.572,6.765220513409137,4.468063242487403,0.005360790890320433,3.663055901612921,0.12991696985004952,41.938173340949874,0.9157639754032303
2.574,6.756398437852341,4.462236737432669,0.005351484195523677,3.6582810990067034,0.12991597327040638,42.0023820824434,0.9145702747516758
2.576,6.747421184544427,4.456307745843394,0.005341942024446308,3.653422306507723,0.12991277836363468,42.066793893988155,0.9133555766269308
2.578,6.738289298420005,4.4502766276194965,0.005332166089769025,3.648479819063901,0.12990738234457166,42.131407529576656,0.9121199547659753
2.58,6.729003333800157,4.44414374886015,0.0053221581367161016,3.6434539367035157,0.12989978256181464,42.19622173929736,0.9108634841758789
2.582,6.719563854358795,4.4379094818415705,0.0053119199433313904,3.6383449645169965,0.12988997649875514,42.26123526935869,0.9095862411292491
2.584,6.709971433088438,4.431574204994411,0.00530145332076103,3.6331532126384016,0.12987796177460637,42.32644686211332,0.9082883031596004
2.586,6.700226652265449,4.425138302880799,0.005290760113543012,3.627878996226595,0.12986373614542465,42.391855256082565,0.9069697490566487
2.588,6.690330103414656,4.418602166170981,0.00527984219990378,3.6225226354461046,0.1298472975051232,42.4574591859807,0.9056306588615262
2.59,6.680282387273482,4.41196619161962,0.005268701492062008,3.6170844554477046,0.12982864388647994,42.52325738273951,0.9042711138619262
2.592,6.670084113755454,4.405230782041704,0.005257339936539727,3.611564786348665,0.12980777346213723,42.58924857353278,0.9028911965871662
2.594,6.659735901913197,4.398396346288099,0.00524575951448096,3.605963963212718,0.12978468454559478,42.65543148180093,0.9014909908031795
2.596,6.649238379900835,4.3914632992207245,0.0052339622419780366,3.6002823260297165,0.1297593755921949,42.7218048272758,0.9000705815074291
2.598,6.63859218493589,4.384432061687382,0.005221950170405727,3.594520219694998,0.12973184520009948,42.788367326005215,0.8986300549237495
2.6,6.627797963260573,4.377303060496192,0.005209725386763385,3.588677993988446,0.12970209211125974,42.85511769037807,0.8971694984971115
2.602,6.616856370102579,4.37007672838971,0.005197290014025234,3.5827560035532646,0.12967011521237745,42.922054629149,0.8956890008883162
2.604,6.605768069635291,4.362753504018627,0.005184646211498969,3.576754607874436,0.12963591353585735,42.98917684746357,0.894188651968609
2.606,6.594533734937496,4.355333831915178,0.005171796175192839,3.570674171256922,0.12959948626075204,43.05648304688315,0.8926685428142305
2.608,6.583154047952489,4.347818162466127,0.005158742138191339,3.5645150628035243,0.12956083271369653,43.12397192541016,0.8911287657008811
2.61,6.571629699446707,4.340206951885447,0.00514548637103969,3.558277656392499,0.1295199523698356,43.191642177513174,0.8895694140981247
2.612,6.559961388967785,4.332500662186616,0.005132031182137236,3.551962330654847,0.12947684485374053,43.259492494152205,0.8879905826637118
2.614,6.5481498248021,4.3246997611545845,0.005118378918139923,3.5455694689513453,0.12943150994031732,43.327521562804016,0.8863923672378363
2.616,6.536195723931764,4.316804722317362,0.005104531964371971,3.5390994593492584,0.12938394755570484,43.39572806748759,0.8847748648373146
2.618,6.524099811991118,4.308816024917294,0.005090492745246905,3.5325526945987997,0.12933415777816376,43.4641106887894,0.8831381736496999
2.62,6.511862823222676,4.300734153881954,0.005076263724698055,3.5259295721092756,0.12928214083895473,43.53266810388917,0.8814823930273189
2.622,6.499485500432557,4.2925595997947195,0.005061847406618642,3.519230493924976,0.1292278971232073,43.60139898658525,0.879807623481244
2.624,6.486968594945387,4.28429285886498,0.005047246335311584,3.5124558667007513,0.1291714271707778,43.67030200732044,0.8781139666751878
2.626,6.474312866558713,4.275934432898032,0.005032463095949117,3.505606101677348,0.12911273167709697,43.739375833207546,0.876401525419337
2.628,6.461519083496856,4.267484829264605,0.005017500315042306,3.4986816146564284,0.12905181149400707,43.808619128055355,0.8746704036641071
2.63,6.4485880223643015,4.25894456087007,0.005002360660920581,3.4916828259753423,0.12898866763058764,43.8780305523943,0.8729207064938356
2.632,6.435520468098542,4.250314146123304,0.004987046844221314,3.4846101604816044,0.12892330125397033,43.947608763502494,0.8711525401204011
2.634,6.422317213922439,4.241594108905223,0.004971561618389534,3.47746404750711,0.12885571369014248,44.01735241543164,0.8693660118767775
2.636,6.408979061296071,4.232784978536975,0.004955907780187822,3.470244920842068,0.12878590642473925,44.087260159033086,0.867561230210517
2.638,6.3955068198680864,4.2238872897478235,0.00494008817021639,3.4629532187086793,0.1287138811038241,44.15733064198393,0.8657383046771698
2.64,6.38190130742654,4.214901582642669,0.004924105673443393,3.4555893837345195,0.128639639534657,44.22756250881323,0.8638973459336299
2.642,6.368163349849281,4.205828402669284,0.004907963219745435,3.448153862925688,0.12856318368645112,44.29795440092805,0.862038465731422
2.644,6.35429378105379,4.196668300585182,0.004891663784458262,3.440647107639658,0.12848451569111713,44.36850495664,0.8601617769099145
2.646,6.340293442946586,4.18742183242421,0.004875210388937581,3.433069573557894,0.1284036378439948,44.43921281119131,0.8582673933894736
2.648,6.326163185372094,4.17808955946277,0.004858606101129932,3.425421720658174,0.12832055260457256,44.510076596781495,0.8563554301645435
2.65,6.311903866061091,4.168672048185776,0.004841854036153521,3.4177040131866865,0.12823526259719362,44.58109494259352,0.8544260032966716
2.652,6.297516350578606,4.159169870252241,0.0048249573568888635,3.409916919629832,0.1281477706117497,44.65226647482064,0.852479229907458
2.654,6.2830015122714045,4.1495836024605985,0.004807919274579103,3.402060912685797,0.12805807960436133,44.723589816692694,0.8505152281714492
2.656,6.268360232214956,4.139913826713671,0.004790743049439778,3.394136469235853,0.12796619269804468,44.7950635885029,0.8485341173089632
2.658,6.2535933991599695,4.130161129983364,0.004773431991277844,3.3861440703154164,0.12787211318336555,44.8666864076345,0.8465360175788541
2.66,6.238701909478427,4.120326104275022,0.004755989460119644,3.378084201084838,0.12777584451907872,44.93845688858749,0.8445210502712095
2.662,6.2236866671091855,4.110409346591504,0.004738418866847533,3.369957350799966,0.1276773903327545,45.01037364300545,0.8424893376999915
2.664,6.208548583503101,4.100411458896936,0.004720723673844808,3.3617640127824338,0.12757675442139046,45.08243527970243,0.8404410031956084
2.666,6.193288577567707,4.090333048080182,0.0047029073956485,3.3535046843897294,0.1274739407520094,45.15464040468971,0.8383761710974323
2.668,6.1779075756114175,4.080174725917983,0.0046849735996096235,3.3451798669849846,0.1273689534622427,45.22698762120301,0.8362949667462461
2.67,6.162406511287327,4.069937109037849,0.004666925906560316,3.336790065906563,0.1272617968608993,45.29947552972923,0.8341975164766408
2.672,6.146786325536505,4.059620818880605,0.00464876799148733,3.328335790437366,0.12715247542852037,45.37210272803382,0.8320839476093415
2.674,6.131047966530912,4.049226481662686,0.004630503584211228,3.319817553773938,0.12704099381791836,45.444867811187656,0.8299543884434845
2.676,6.115192389615811,4.038754728338108,0.004612136470070567,3.3112358729952907,0.12692735685470133,45.51776937159434,0.8278089682488227
2.678,6.099220557251803,4.028206194560184,0.004593670490610313,3.3025912690315375,0.12681156953778255,45.5908059990174,0.8256478172578844
2.68,6.08313343895639,4.017581520642931,0.004575109544273615,3.2938842666322596,0.12669363703987419,45.663976280607585,0.8234710666580649
2.682,6.066932011245131,4.006881351522203,0.00455645758709601,3.2851153943346585,0.12657356470796582,45.73727880093016,0.8212788485836646
2.684,6.050617257572349,3.9961063367165357,0.004537718633401028,3.2762851844314618,0.12645135806378702,45.81071214199239,0.8190712961078654
2.686,6.034190168271465,3.9852571302877338,0.004518896756496098,3.26739417293863,0.1263270228042544,45.88427488327076,0.8168485432346575
2.688,6.017651740494843,3.974334390801151,0.004499996089367518,3.2584428995628008,0.12620056480190261,45.95796560173872,0.8146107248907002
2.69,6.001002978153306,3.9633387812857346,0.004481020825373187,3.2494319076685443,0.1260719901052993,46.03178287189397,0.8123579769171361
2.692,5.984244891855147,3.9522709691937528,0.004461975218931671,3.2403617442453614,0.1259413049394431,46.10572526578623,0.8100904360613403
2.694,5.967378498844843,3.9411316263603124,0.004442863586206065,3.2312329598745073,0.12580851570614718,46.17979135304471,0.8078082399686268
2.696,5.95040482294124,3.929921428962539,0.004423690305780951,3.222046108695536,0.12567362898440304,46.25397970090591,0.805511527173884
2.698,5.933324894475464,3.918641057478566,0.0044044598193307295,3.212801748372693,0.125536651530731,46.328288874241224,0.8032004370931732
2.7,5.916139750228334,3.9072911966462027,0.004385176632277318,3.2035004400610436,0.12539759027951125,46.40271743558476,0.8008751100152609
2.702,5.898850433367464,3.89587253542139,0.004365845314435207,3.1941427483724256,0.12525645234329955,46.477263945161155,0.7985356870931064
2.704,5.881457993383906,3.8843857669363606,0.004346470500641616,3.1847292413411594,0.12511324501312474,46.55192696091339,0.7961823103352899
2.706,5.863963486028475,3.8728315884575815,0.004327056891369397,3.1752604903895842,0.1249679757587697,46.6267050385307,0.7938151225973961
2.708,5.846367973247646,3.861210701343419,0.0043076092533201405,3.1657370702933596,0.12482065222903461,46.701596731476585,0.7914342675733399
2.71,5.828672523119098,3.8495238110015717,0.0042881324199947725,3.1561595591465843,0.12467128225198257,46.776600591016596,0.7890398897866461
2.712,5.810878209786869,3.8377716268462363,0.0042686312922387585,3.146528538326691,0.12451987383516759,46.851715166246635,0.7866321345816728
2.714,5.792986113396174,3.8259548622550668,0.004249110838758854,3.136844592459174,0.12436643516584517,46.92693900412074,0.7842111481147935
2.716,5.774997320027816,3.814074234525852,0.004229576096608122,3.1271083093820855,0.1242109746111645,47.002270649479456,0.7817770773455214
2.718,5.756912921632279,3.8021304648329877,0.004210032171635779,3.1173202801103654,0.12405350071834277,47.07770864507775,0.7793300700275914
2.72,5.7387340159634235,3.790124278183689,0.004190484238898184,3.107481098799951,0.12389402221482118,47.15325153161338,0.7768702746999877
2.722,5.720461706511877,3.778056403373992,0.004170937543027112,3.097591362711726,0.12373254800840319,47.228897847755015,0.7743978406779315
2.724,5.702097102438026,3.7659275729445087,0.00415139739855121,3.087651672175257,0.12356908718737361,47.30464613017056,0.7719129180438142
2.726,5.68364131850471,3.753738523135963,0.004131869190166308,3.0776626305523567,0.12340364902059978,47.38049491355543,0.7694156576380892
2.728,5.665095475009522,3.7414899938444885,0.004112358372950063,3.067624844200447,0.12323624295761344,47.45644273066093,0.7669062110501117
2.73,5.6464606977168454,3.7291827285767387,0.004092870472516139,3.0575389224357714,0.12306687862867481,47.532488112322575,0.7643847306089429
2.732,5.627738117789478,3.7168174744047286,0.004073411085102915,3.047405477496389,0.12289556584481695,47.60862958748863,0.7618513693740973
2.734,5.608928871720004,3.704394981920508,0.004053985877591467,3.037225124505028,0.12272231459787147,47.68486568324839,0.759306281126257
2.736,5.590034101261774,3.6919160051905817,0.004034600587447319,3.0269984814317272,0.1225471350604752,47.761194924860895,0.7567496203579318
2.738,5.5710549533596385,3.679381301710158,0.0040152610225802614,3.0167261690563514,0.12237003758605798,47.83761583578317,0.7541815422640878
2.74,5.5519925800802765,3.6667916323571377,0.00399597306111619,3.0064088109308735,0.12219103270881017,47.91412693769912,0.7516022027327184
2.742,5.532848138542311,3.654147761345958,0.003976742651074823,2.996047033341558,0.1220101311436322,47.990726750547864,0.7490117583353895
2.744,5.5136227908460285,3.641450456181176,0.003957575809946783,2.985641465270916,0.1218273437860633,48.06741379255248,0.746410366317729
2.746,5.494317704002879,3.6287004876109066,0.003938478624163399,2.9751927383595484,0.12164268171219185,48.144186580248665,0.7437981845898871
2.748,5.474934049864595,3.615898629580013,0.003919457248452284,2.9647014868677863,0.12145615617854509,48.22104362851341,0.7411753717169466
2.75,5.45547300505209,3.6030456591831417,0.0039005179050715924,2.954168347637201,0.12126777862195971,48.297983450593705,0.7385420869093002
2.7520000000000002,5.435935750884021,3.5901423566175477,0.0038816668829156228,2.9435939600519405,0.12107756065943251,48.3750045581354,0.7358984900129851
2.754,5.416323473305089,3.577189505135737,0.0038629105364842457,2.932978965999926,0.12088551408795098,48.45210546121185,0.7332447414999815
2.7560000000000002,5.396637362814025,3.564187890997909,0.0038442552847084794,2.9223240098338716,0.12069165088430392,48.5292846683529,0.7305810024584679
2.758,5.37687861439137,3.551138303424253,0.003825707609624376,2.9116297383321914,0.12049598320487216,48.606540686573545,0.7279074345830479
2.7600000000000002,5.357048427426887,3.538041534547017,0.0038072740548872586,2.900896800659721,0.12029852338539905,48.683872021403026,0.7252242001649303
2.762,5.337148005646801,3.524898379362443,0.003788961224118236,2.8901258483283283,0.12009928394074074,48.76127717691354,0.7225314620820821
2.7640000000000002,5.3171785570406875,3.511709635682489,0.003770775779074872,2.879317535157345,0.11989827756459584,48.838754655749305,0.7198293837893363
2.766,5.2971412937882,3.4984761040864334,0.0037527244376378333,2.8684725172339083,0.1196955171292159,48.91630295915551,0.7171181293084771
2.7680000000000002,5.277037432185423,3.4851985878722354,0.003734813971605334,2.8575914528731,0.11949101568509356,48.993920587007246,0.714397863218275
2.77,5.256868192571103,3.4718778930078105,0.0037170512042872736,2.8466750025780163,0.11928478646063212,49.07160603783859,0.7116687506445041
2.7720000000000002,5.236634799252518,3.4585148280820817,0.0036994430078910027,2.8357238289996505,0.11907684286179315,49.149357808871606,0.7089309572499126
2.774,5.216338480431209,3.445110204255918,0.0036819963006908462,2.824738596896689,0.11886719847172464,49.22717439604545,0.7061846492241722
2.7760000000000002,5.195980468128381,3.431664835212872,0.003664718043973654,2.8137199730951394,0.1186558670503675,49.30505429404546,0.7034299932737849
2.778,5.17556199811016,3.4181795371098143,0.0036476152387529518,2.8026686264478746,0.11844286253404214,49.38299599633222,0.7006671566119687
2.7800000000000002,5.1550843098125325,3.40465512852736,0.003630694922244541,2.791585227794007,0.11822819903501368,49.46099799517081,0.6978963069485018
2.782,5.13454864626617,3.3910924304202217,0.0036139641640968332,2.780470449918198,0.11801189084103705,49.53905878165981,0.6951176124795495
2.7840000000000003,5.113956254020907,3.377492266067326,0.003597430062369589,2.7693249675097857,0.11779395241488053,49.617176845760746,0.6923312418774464
2.786,5.0933083830701325,3.363855461021885,0.003581099739255361,2.7581494571218594,0.11757439839382888,49.69535067632697,0.6895373642804649
2.7880000000000003,5.072606286774866,3.350182843061247,0.0035649803365384587,2.7469445971301654,0.11735324358916518,49.77357876113318,0.6867361492825413
2.79,5.051851221787717,3.3364752421366783,0.0035490790107870402,2.7357110676919536,0.11713050298563263,49.85185958690453,0.6839277669229884
2.7920000000000003,5.031044447976569,3.322733490322961,0.0035334029282746465,2.724449550704668,0.11690619174087372,49.93019163934592,0.681112387676167
2.794,5.010187228348132,3.3089584217679007,0.003517959259628428,2.7131607297645726,0.11668032518485018,50.008573403171326,0.6782901824411431
2.7960000000000003,4.989280828971257,3.2951508726416856,0.0035027551742022383,2.7018452901252457,0.11645291881924066,50.08700336213303,0.6754613225313114
2.798,4.9683265189000965,3.2813116810861316,0.003487797834173858,2.6905039186559865,0.1162239883168178,50.165479999051065,0.6726259796639966
2.8000000000000003,4.94732557009705,3.267441687163795,0.003473094388366728,2.6791373038001165,0.1159935495208042,50.244001795842536,0.6697843259500291
2.802,4.926279257355584,3.253541732807,0.0034586519657978645,2.6677461355332,0.11576161844420729,50.32256723355084,0.6669365338833
2.8040000000000003,4.905188858222819,3.239612661766711,0.0034444776689549093,2.6563311053211502,0.11552821126913297,50.40117479237529,0.6640827763302876
2.806,4.884055652922008,3.2256553195613336,0.0034305785668067262,2.6448929060782658,0.11529334434607827,50.479822951700314,0.6612232265195664
2.8080000000000003,4.862880924274792,3.2116705534253667,0.0034169616875534465,2.6334322321251538,0.11505703419320235,50.558510190125,0.6583580580312884
2.81,4.841665957623383,3.1976592122580128,0.0034036340111234607,2.6219497791466155,0.11481929749557798,50.637234985492405,0.6554874447866539
2.8120000000000003,4.820412040752473,3.183622146571599,0.00339060246142649,2.6104462441493728,0.11458015110441905,50.71599581491915,0.6526115610373432
2.814,4.799120463811126,3.1695602084399943,0.0033778738983736337,2.5989223254197986,0.11433961203629003,50.79479115482476,0.6497305813549497
2.816,4.777792519234417,3.1554742514468526,0.003365455109677023,2.5873787224815024,0.11409769747229175,50.87361948096115,0.6468446806203756
2.818,4.756429501665005,3.141365130633819,0.0033533528024435725,2.57581613605288,0.11385442475722769,50.952479268442225,0.64395403401322
2.82,4.7350327078745496,3.1272337024486285,0.0033415735945791507,2.564235268004585,0.11360981139874847,51.031368991773164,0.6410588170011462
2.822,4.713603436684968,3.1130808246931014,0.003330124006021384,2.552636821316904,0.11336387506647501,51.11028712488016,0.638159205329226
2.824,4.692142988889622,3.09890735647109,0.003319010449821186,2.5410215000371044,0.11311663359110115,51.189232141139776,0.6352553750092761
2.826,4.670652667174346,3.0847141581363218,0.0033082392230949554,2.5293900092366886,0.11286810496347484,51.26820251340857,0.6323475023091721
2.828,4.649133776038373,3.0705020912401793,0.003297816497871255,2.517743054968597,0.11261830733365825,51.34719671405259,0.6294357637421493
2.83,4.627587621715137,3.056272018479388,0.003287748311857534,2.5060813442243415,0.11236725900996662,51.426213214976926,0.6265203360560854
2.832,4.606015512093015,3.0420248036436752,0.0032780405591542184,2.494405584891106,0.11211497845798696,51.505250487655296,0.6236013962227765
2.834,4.584418756635891,3.0277613115633053,0.003268698980945085,2.482716485708757,0.11186148429957447,51.584307003159644,0.6206791214271893
2.836,4.562798666303714,3.0134824080566145,0.003259729156194401,2.471014756226842,0.11160679531182913,51.66338123218956,0.6177536890567105
2.838,4.541156553472879,2.9991889598774217,0.003251136492382655,2.459301106761495,0.11135093042605049,51.74247164510211,0.6148252766903738
2.84,4.519493731856614,2.984881834662457,0.003242926216314002,2.4475762483523535,0.11109390872667269,51.82157671194117,0.6118940620880884
2.842,4.497811516425173,2.9705619008786437,0.0032351033650295583,2.4358408927193542,0.11083574945017685,51.90069490246726,0.6089602231798386
2.844,4.4761112233260745,2.956230027770427,0.0032276727768616037,2.4240957522195674,0.1105764719839847,51.979824686186944,0.6060239380548919
2.846,4.454394169804158,2.941887085306973,0.003220639082664398,2.4123415398039296,0.11031609586532964,52.05896453238255,0.6030853849509824
2.848,4.432661674121674,2.9275339441293924,0.003214006697257761,2.4005789689739876,0.11005464078010865,52.13811291014177,0.6001447422434969
2.85,4.410915055478214,2.913171475497861,0.0032077798111197556,2.3888087537385685,0.10979212656171222,52.21726828838724,0.5972021884346421
2.852,4.3891556339306765,2.898800551238757,0.0032019623823647827,2.377031608570451,0.10952857318983442,52.29642913590615,0.5942579021426128
2.854,4.36738473031311,2.884422043691725,0.0031965581290430275,2.365248248362992,0.10926400078926246,52.37559392137998,0.591312062090748
2.856,4.345603666156551,2.870036825656735,0.003191570521796641,2.353459388386735,0.10899842962864548,52.45476111341392,0.5883648470966838
2.858,4.323813763608781,2.8556457703410802,0.0031870027769071215,2.3416657442459754,0.10873188011924242,52.533929180566716,0.5854164360614939
2.86,4.3020163453541125,2.8412497513064054,0.003182857849767232,2.3298680318353475,0.10846437281365115,52.61309659138005,0.5824670079588369
2.862,4.280212734533046,2.826849642415643,0.0031791384288093125,2.318066967296345,0.10819592840451527,52.69226181440847,0.5795167418240863
2.864,4.258404254662008,2.8124463177800045,0.003175846929920154,2.3062632669738727,0.10792656772321256,52.77142331824866,0.5765658167434682
2.866,4.236592229552954,2.798040651705883,0.003172985491370595,2.2944576473727327,0.10765631173852164,52.85057957156942,0.5736144118431832
2.868,4.214777983233085,2.783633518641825,0.003170555969285786,2.282650825114174,0.10738518155527038,52.92972904314101,0.5706627062785435
2.87,4.192962839864388,2.7692257931254036,0.0031685599336795543,2.2708435168923455,0.1071131984129622,53.008870201864916,0.5677108792230864
2.872,4.171148123663337,2.7548183497301704,0.003166998665073646,2.259036439430829,0.10684038368438459,53.08800151680343,0.5647591098577073
2.874,4.149335158820448,2.740412063012538,0.003165873151719686,2.2472303094391055,0.10656675887419612,53.167121457209255,0.5618075773597764
2.876,4.127525269419951,2.72600780745872,0.003165184087438671,2.2354258435690735,0.1062923456174952,53.246228492555126,0.5588564608922684
2.878,4.105719779359372,2.7116064574316234,0.003164931870089573,2.2236237583715255,0.10601716567836797,53.32532109256346,0.5559059395928814
2.88,4.083920012269206,2.697208887117796,0.003165116600675328,2.2118247702526705,0.10574124094841743,53.40439772723584,0.5529561925631676
2.882,4.0621272914325335,2.6828159704743353,0.003165738083091071,2.2000295954306273,0.10546459344527287,53.48345686688279,0.5500073988576568
2.884,4.040342939704746,2.6684285811758754,0.003166795824516038,2.188238949891979,0.1051872453110805,53.56249698215314,0.5470597374729947
2.886,4.018568279433183,2.6540475925615086,0.003168289036447086,2.1764535493482704,0.10490921881097348,53.64151654406387,0.5441133873370676
2.888,3.996804632376922,2.6396738775818105,0.003170216636368337,2.1646741091926036,0.10463053633152487,53.720514024029406,0.5411685272981509
2.89,3.975053319626497,2.6253083087458218,0.003172577250048064,2.1529013444561778,0.10435122037917971,53.79948789389149,0.5382253361140444
2.892,3.9533156615237504,2.610951758068112,0.003175369214450632,2.1411359697649166,0.1040712935786696,53.878436625948474,0.5352839924412292
2.894,3.9315929775816434,2.5966050970158188,0.003178590581248124,2.1293786992960624,0.10379077867140749,53.95735869298503,0.5323446748240156
2.896,3.9098865864041965,2.582269196455775,0.0031822391209132325,2.117630246734844,0.10350969851386474,54.03625256830165,0.529407561683711
2.898,3.8881978056064237,2.567944926601626,0.0031863123273721565,2.1058913252311435,0.10322807607592897,54.11511672574415,0.5264728313077859
2.9,3.8665279517343665,2.5536331569610202,0.0031908074231935617,2.094162647356217,0.10294593443924394,54.19394963973325,0.5235406618390542
2.902,3.8448783401851534,2.5393347562828104,0.0031957213652872374,2.082444925059422,0.10266329679553068,54.272749785294074,0.5206112312648555
2.904,3.82325028512719,2.525050592504343,0.0032010508510838627,2.0707388696250253,0.10238018644489129,54.35151563808554,0.5176847174062563
2.906,3.8016450994203455,2.5107815326987493,0.0032067923251654007,2.059045191629003,0.1020966267940939,54.430245674430076,0.5147612979072508
2.908,3.780064094536301,2.496528443022335,0.003212941986313905,2.047364600895931,0.10181264135484043,54.5089383713428,0.5118411502239828
2.91,3.758508580478894,2.4822921886619747,0.003219495794945184,2.035697806455869,0.10152825374201602,54.587592206561304,0.5089244516139673
2.912,3.736979865704663,2.4680736337826357,0.003226449480892609,2.0240455165013587,0.10124348767192183,54.66620565857481,0.5060113791253397
2.914,3.715479257043346,2.4538736414748716,0.0032337985515055573,2.0124084383443943,0.10095836696048886,54.74477720665377,0.5031021095860986
2.916,3.6940080596186196,2.4396930737024745,0.003241538300026398,2.0007872783735206,0.10067291552147639,54.823305330879265,0.5001968195933801
2.918,3.6725675767688264,2.425532791250119,0.0032496638142096687,1.9891827420109287,0.10038715736465148,54.90178851217235,0.4972956855027322
2.92,3.6511591099679026,2.4113936536711402,0.003258169985147077,1.9775955336696607,0.10010111659395318,54.98022523232349,0.49439888341741517
2.922,3.629783958746336,2.3972765192353314,0.003267051516262191,1.9660263567108252,0.09981481740563812,55.05861397402192,0.4915065891777063
2.924,3.6084434206123204,2.3831822448768674,0.003276302932439177,1.9544759134009257,0.09952828408641132,55.13695322088494,0.48861897835023144
2.926,3.5871387909729524,2.3691116861422636,0.003285918589250656,1.9429449048692076,0.09924154101153876,55.215241457487394,0.4857362262173019
2.928,3.5658713630556558,2.355065697138479,0.0032958926822506313,1.9314340310651295,0.0989546126429452,55.293477169390776,0.48285850776628236
2.93,3.544642427829612,2.341045130481024,0.0033062192562995996,1.9199439907158387,0.09866752352729415,55.37165884317276,0.47998599767895966
2.932,3.523453273927455,2.3270508372422474,0.0033168922148901674,1.9084754812837903,0.09838029829405356,55.44978496645622,0.4771188703209476
2.934,3.5023051875670044,2.3130836668996415,0.0033279053294429633,1.8970291989243833,0.0980929616535442,55.52785402793874,0.4742572997310958
2.936,3.48119945247323,2.299144467284307,0.0033392522485441462,1.8856058384437262,0.09780553839497359,55.60586451742164,0.47140145961093155
2.938,3.460137349800288,2.2852340845294585,0.0033509265070975013,1.8742060932564404,0.09751805338445324,55.68381492583934,0.4685515233141101
2.94,3.4391201580537856,2.2713533630190916,0.003362921535365803,1.8628306553435847,0.09723053156300195,55.76170374528848,0.4657076638358962
2.942,3.4181491530131565,2.257503145336706,0.0033752306678779746,1.8514802152106435,0.09694299794453279,55.83952946905707,0.4628700538026609
2.944,3.3972256076542267,2.2436842722141743,0.0033878471521803905,1.8401554618456155,0.0966554776138259,55.91729059165369,0.4600388654614039
2.946,3.376350792071924,2.2298975824806875,0.0034007641574125558,1.828857082677179,0.09636799572448586,55.994985608836615,0.45721427066929476
2.948,3.3555259734032146,2.2161439130118654,0.003413974782689273,1.817585763532987,0.09608057749688557,56.07261301764283,0.45439644088324677
2.95,3.3347524157501476,2.202424098678927,0.0034274720652732924,1.80634218859801,0.09579324821609449,56.150171316417236,0.4515855471495025
2.952,3.3140313801031613,2.1887389722980406,0.0034412489885242855,1.7951270403730293,0.09550603322979387,56.22765900484154,0.4487817600932573
2.954,3.293364124264493,2.175089364579739,0.00345529848961182,1.7839409996331825,0.09521895794617684,56.30507458396347,0.44598524990829563
2.956,3.272751902771887,2.1614761040785364,0.0034696134669817613,1.7727847453866734,0.09493204783183622,56.38241655622553,0.44319618634666835
2.958,3.2521959668223768,2.1479000171425833,0.0034841867875672673,1.761658954833514,0.09464532840963688,56.45968342549424,0.4404147387083785
2.96,3.2316975641963905,2.1343619278635506,0.0034990112937371806,1.7505643033244547,0.09435882525657671,56.53687369708886,0.43764107583111367
2.962,3.211257939181966,2.1208626580265713,0.0035140798099761897,1.73950146431996,0.09407256400163248,56.613985877810414,0.43487536607999
2.964,3.1908783324992585,2.107403027060386,0.003529385149292637,1.728471109349354,0.0937865703235947,56.69101847597052,0.4321177773373385
2.966,3.17055998122519,2.0939838519875744,0.003544920119351266,1.7174739079700339,0.09350086994888786,56.76797000142031,0.42936847699250846
2.968,3.1503041187183927,2.080605947374988,0.003560677528329486,1.7065105277268464,0.09321548864937967,56.844838965579186,0.4266276319317116
2.97,3.1301119745443007,2.067270125284275,0.003576650190497024,1.6955816341115486,0.09293045224017689,56.92162388146369,0.42389540852788715
2.972,3.1099847744005693,2.053977195222624,0.0035928309315198946,1.684687890522437,0.09264578657741002,56.99832326371614,0.42117197263060924
2.974,3.0899237400426074,2.040727964093583,0.00360921259349073,1.6738299582240448,0.09236151755600493,57.07493562863359,0.4184574895560112
2.976,3.069930089209471,2.027523236148116,0.00362578803968842,1.6630084963070326,0.09207767110744397,57.15145949419622,0.41575212407675816
2.978,3.0500050355499027,2.0143638129357533,0.003642550159070892,1.6522241616481574,0.09179427319751494,57.227893380096354,0.41305604041203936
2.98,3.030149788548697,2.001250493255965,0.0036594918705056215,1.6414776088704193,0.09151134982404927,57.304235807766766,0.4103694022176048
2.982,3.010365553453248,1.9881840731096452,0.0036766061267431674,1.6307694903033043,0.09122892701464858,57.380485300409525,0.4076923725758261
2.984,2.990653531200419,1.9751653456508156,0.0036938859181395987,1.6201004559432068,0.09094703082440157,57.45664038302445,0.4050251139858017
2.986,2.9710149183436267,1.9621951011384666,0.0037113242761342272,1.6094711534139596,0.09066568733358915,57.53269958243766,0.4023677883534899
2.988,2.9514509069802144,1.9492741268885942,0.003728914276489495,1.5988822279275305,0.09038492264538017,57.60866142733006,0.39972055698188264
2.99,2.931962684679075,1.9364032072263964,0.0037466490423002452,1.5883343222448463,0.09010476288351653,57.684524448265854,0.39708358056121157
2.992,2.9125514344085963,1.9235831234386844,0.003764521746779892,1.5778280766367925,0.08982523418998917,57.76028717772089,0.3944570191591981
2.994,2.8932183344648106,1.9108146537264334,0.00378252561583129,1.5673641288453295,0.08954636272270348,57.83594815011118,0.3918410322113324
2.996,2.873964558399911,1.8980985731575668,0.003800653930410232,1.556943114044799,0.08926817465313637,57.91150590182103,0.3892357785111997
2.998,2.854791274950975,1.8854356536198835,0.0038189000286896926,1.5465656648033461,0.0889906961639834,57.98695897123162,0.38664141620083653
3.0,2.8356996479690695,1.8728266637742372,0.0038372573080329582,1.5362324110445524,0.08871395344679822,58.06230589874905,0.3840581027611381
3.0020000000000002,2.816690836348546,1.8602723690078382,0.0038557192267838786,1.525943980009163,0.08843797269962171,58.13754522683275,0.38148599500229075
3.004,2.7977659939567414,1.847773531387824,0.003874279305882408,1.5157009962170405,0.0881627801246043,58.21267550002352,0.3789252490542601
3.0060000000000002,2.7789262695639017,1.8353309096149795,0.003892931130313609,1.5055040814292358,0.08788840192561928,58.287695264971816,0.37637602035730894
3.008,2.760172806773482,1.822945258977702,0.003911668350398182,1.495353854610265,0.08761486430586905,58.36260307046578,0.37383846365256623
3.0100000000000002,2.741506743952692,1.8106173313061313,0.003930484682932502,1.4852509318905156,0.08734219346548254,58.43739746745936,0.3713127329726289
3.012,2.72292921416343,1.798347874926536,0.003949373912185982,1.4751959265288686,0.08707041559910679,58.51207700910029,0.36879898163221714
3.0140000000000002,2.7044413450934797,1.786137634615871,0.003968329890763458,1.4651894488754573,0.08679955689349028,58.58664025075817,0.36629736221886433
3.016,2.6860442589880726,1.7739873515565798,0.003987346540340097,1.4552321063346259,0.08652964352505985,58.66108575005228,0.36380802658365646
3.0180000000000002,2.667739072581748,1.76189776329159,0.00400641785227613,1.4453245033280508,0.08626070165749103,58.73541206687964,0.3613311258320127
3.02,2.649526897030589,1.7498696036795607,0.004025537888118535,1.4354672412580645,0.08599275743927225,58.80961776344266,0.3588668103145161
3.0220000000000002,2.631408837844749,1.737903602850318,0.00404470077999655,1.4256609184711333,0.08572583700126245,58.88370140427724,0.3564152296177833
3.024,2.6133859948213707,1.7260004871605534,0.004063900730917672,1.4159061302215548,0.08545996645424375,58.9576615562802,0.3539765325553887
3.0260000000000002,2.5954594619777986,1.7141609791497134,0.004083132014970597,1.4062034686353069,0.08519517188646765,59.03149678873731,0.3515508671588267
3.028,2.577630327485195,1.702385797496156,0.004102388977441266,1.3965535226741193,0.08493147936119669,59.105205673350774,0.3491383806685298
3.0300000000000002,2.559899673602474,1.690675656973518,0.004121666034847995,1.3869568780997152,0.08466891491424085,59.178786784266926,0.3467392195249288
3.032,2.5422685766106112,1.6790312684073314,0.004140957674901373,1.37741411743826,0.08440750455148935,59.2522386981038,0.344353529359565
3.0340000000000003,2.524738106747296,1.6674533386318628,0.004160258456394426,1.3679258199449889,0.08414727424643746,59.32555999397869,0.3419814549862472
3.036,2.507309328141999,1.6559425704472297,0.004179563009028226,1.3584925615690648,0.08388824993771035,59.398749253535584,0.3396231403922662
3.0380000000000003,2.489983298751338,1.6444996625767128,0.004198866033177986,1.3491149149185961,0.08363045752658146,59.47180506097268,0.33727872872964904
3.04,2.4727610702948946,1.6331253096243685,0.004218162299604332,1.3397934492258985,0.08337392287448876,59.54472600306964,0.3349483623064746
3.0420000000000003,2.455643688191338,1.6218202020328392,0.004237446649114309,1.3305287303129216,0.08311867180054634,59.61751066921514,0.3326321825782304
3.044,2.438632191495011,1.6105850260414727,0.004256713992176379,1.3213213205569279,0.08286473007905432,59.6901576514339,0.33033033013923196
3.0460000000000003,2.4217276128328047,1.5994204636446323,0.004275959308493497,1.3121717788563256,0.08261212343700416,59.762665544414155,0.3280429447140814
3.048,2.404930978341522,1.5883271925503277,0.004295177646538096,1.3030806605967709,0.0823608775515835,59.83503294553466,0.3257701651491927
3.0500000000000003,2.3882433076055554,1.577305886139056,0.004314364123052613,1.2940485176174323,0.08211101804767683,59.90725845489196,0.3235121294043581
3.052,2.3716656135950247,1.5663572134229422,0.004333513922518997,1.2850758981775114,0.08186257049536586,59.979340675327386,0.32126897454437786
3.0540000000000003,2.355198902604263,1.5554818390051157,0.004352622296600432,1.2761633469229494,0.08161556040742683,60.05127821245411,0.31904083673073735
3.056,2.3388441741907524,1.5446804230393785,0.004371684563558305,1.2673114048533756,0.08137001323682747,60.12306967468408,0.3168278512133439
3.0580000000000003,2.322602421114439,1.5339536211901268,0.004390696107647279,1.2585206092892613,0.0811259543742221,60.19471367325504,0.31463015232231534
3.06,2.306474629277478,1.5233020845925556,0.004409652378491164,1.2497914938393113,0.08088340914544652,60.26620882225726,0.31244787345982783
3.0620000000000003,2.2904617776643694,1.5127264598131231,0.0044285488904420856,1.241124588368061,0.08064240280901161,60.337553738660496,0.31028114709201526
3.064,2.2745648382825605,1.5022273888103188,0.004447381221925302,1.2325204189637282,0.08040296055359752,60.40874704234055,0.30813010474093205
3.0660000000000003,2.2587847761034143,1.491805508895679,0.004466145014771868,1.2239795079062632,0.08016510749554712,60.47978735610623,0.3059948769765658
3.068,2.2431225490036626,1.4814614526951182,0.004484835973541186,1.2155023736356605,0.07992886867636027,60.55067330572567,0.3038755934089151
3.0700000000000003,2.227579107707232,1.4711958481105094,0.00450344986483536,1.2070895307204754,0.07969426906018844,60.62140351995321,0.30177238268011886
3.072,2.212155395727559,1.4610093182815853,0.004521982516607098,1.1987414898266007,0.07946133353133039,60.69197663055577,0.29968537245665017
3.074,2.1968523493103036,1.4509024815481055,0.004540429817462845,1.1904587576862615,0.07923008689172864,60.7623912723393,0.2976146894215654
3.076,2.1816708973765144,1.4408759514123164,0.004558787715962636,1.1822418370672547,0.0790005538584679,60.83264608317532,0.2955604592668137
3.078,2.166611961466256,1.4309303365017256,0.004577052219918082,1.1740912267424382,0.07877275906127486,60.902739704027056,0.29352280668560954
3.08,2.1516764556826513,1.421066240532139,0.004595219395689801,1.166007421459444,0.07854672704002026,60.97267077897598,0.291501855364861
3.082,2.136865286636415,1.4112842622710329,0.004613285367485474,1.1579909119106593,0.07832248224222325,61.042437955247856,0.2894977279776648
3.084,2.1221793533907958,1.4015849955011892,0.004631246316659641,1.150042184703425,0.07810004902055795,61.11203988323896,0.28751054617585625
3.086,2.107619547407028,1.3919690289846687,0.004649098481016212,1.1421617223305145,0.07787945163036372,61.181475216542225,0.2855404305826286
3.088,2.0931867524901997,1.3824369464270607,0.004666838154114665,1.134350003140834,0.07766071422715794,61.250742611973244,0.2835875007852085
3.09,2.0788818447356157,1.3729893264420585,0.004684461684580717,1.1266075013103936,0.07744386086415257,61.31984072959626,0.2816518753275984
3.092,2.0647056924755995,1.3636267425163258,0.004701965475422268,1.118934686813514,0.07722891548977424,61.38876823275012,0.2797336717033785
3.094,2.050659156226811,1.3543497629747008,0.0047193459833512865,1.1113320253943133,0.077015901945189,61.457523788074035,0.2778330063485783
3.096,2.036743088637984,1.3451589509456814,0.004736599718112287,1.1037999785384205,0.07680484396183052,61.52610606553356,0.2759499946346051
3.098,2.022958334438193,1.3360548643272583,0.0047537232418179256,1.0963390034449763,0.07659576515893401,61.594513738446075,0.27408475086124406
3.1,2.0093057303855524,1.327038055753032,0.004770713168292247,1.088949552998867,0.07638868904107397,61.6627454835067,0.27223738824971677
3.102,1.9957861052164547,1.3181090725586893,0.004787566162422011,1.081632075743251,0.07618363899570828,61.730799980813636,0.27040801893581273
3.104,1.9824002795952302,1.3092684567487547,0.004804278939516509,1.0743870158523126,0.07598063829072678,61.798675913893995,0.26859675396307814
3.106,1.9691490660643605,1.3005167449637096,0.00482084826467621,1.0672148131043149,0.0757797100720064,61.86637196972896,0.2668037032760787
3.108,1.9560332689951312,1.291854468447402,0.004837270952170528,1.0601159028548943,0.07558087736097205,61.93388683877942,0.2650289757137236
3.11,1.9430536845388302,1.2832821530148135,0.004853543864824998,1.0530907160106446,0.07538416305216422,62.0012192150112,0.26327267900266116
3.112,1.9302111005783962,1.2748003190201287,0.0048696639134180675,1.046139679002949,0.07518958991081273,62.068367795920295,0.2615349197507372
3.114,1.9175062966806113,1.266409481325158,0.004885628056087684,1.0392632137621056,0.07499718057041808,62.13533128255813,0.2598158034405264
3.116,1.9049400440487694,1.258110149268079,0.0049014332977478535,1.0324617376917073,0.07480695753033963,62.2021083795567,0.25811543442292684
3.118,1.8925131054758704,1.249902826632525,0.00491707668951527,1.0257356636433144,0.07461894315339158,62.26869779515354,0.2564339159108286
3.12,1.8802262352983026,1.2417880116169917,0.00493255532814613,1.0190853998913803,0.07443315966344652,62.33509824121685,0.25477134997284506
3.122,1.8680801793500754,1.2337661968046139,0.004947866355483186,1.012511350108484,0.07424962914304759,62.40130843327021,0.253127837527121
3.124,1.8560756749175233,1.2258378691332465,0.004963006957913089,1.0060139133408146,0.07406837353102853,62.467327090517664,0.25150347833520365
3.126,1.8442134506945727,1.2180035098659234,0.004977974365834051,0.9995934839839588,0.07388941462014299,62.53315293586828,0.2498983709959897
3.128,1.832494226738487,1.210263594561629,0.004992765853133803,0.9932504517589501,0.0737127740547022,62.59878469596106,0.24831261293973753
3.13,1.8209187144261783,1.2026185930464417,0.005007378736677866,0.9869852016886227,0.07353847332822264,62.66422110118939,0.24674630042215567
3.132,1.8094876164110127,1.195068969385011,0.0050218103758080754,0.9807981140742343,0.0733665337810828,62.7294608857257,0.24519952851855858
3.134,1.798201626580165,1.1876151818523872,0.005036058171851312,0.9746895644723829,0.07319697659818984,62.79450278754594,0.24367239111809572
3.136,1.7870614300124879,1.1802576829062017,0.005050119567638394,0.9686599236722072,0.07302982280665662,62.859345548453966,0.2421649809180518
3.138,1.7760677029369427,1.1729969191592073,0.005063992047033024,0.9627095576728862,0.07286509327348914,62.92398791410588,0.24067738941822156
3.14,1.7652211126915354,1.1658333313521627,0.0050776731344707345,0.9568388276614153,0.0727028087032844,62.98842863403437,0.23920970691535381
3.142,1.754522317682821,1.1587673543270836,0.005091160394507699,0.9510480899906877,0.07254298963593961,63.052666461672764,0.23776202249767192
3.144,1.7439719673459229,1.151799417000839,0.005104451431379337,0.9453376961578569,0.0723856564443724,63.11670015437927,0.23633442403946422
3.146,1.7335707021051339,1.1449299423391306,0.005117543888568555,0.9397079927830123,0.0722308293322532,63.1805284734609,0.23492699819575308
3.148,1.7233191533350105,1.1381593473307985,0.005130435448383545,0.9341593215881231,0.07207852833174822,63.2441501841976,0.23353983039703077
3.15,1.7132179433220762,1.1314880429625254,0.0051431238315449695,0.9286920193763099,0.07192877330127612,63.30756405586591,0.23217300484407746
3.152,1.7032676852270254,1.1249164341938769,0.00515560679678241,0.9233064180113885,0.07178158392327574,63.37076886176299,0.23082660450284712
3.154,1.6934689830475222,1.1184449199327318,0.005167882140439956,0.9180028443977375,0.0716369797019875,63.43376337923018,0.22950071109943437
3.156,1.6838224315815198,1.1120738930110552,0.00517994769609075,0.9127816204604434,0.07149497996124698,63.49654638967676,0.22819540511511086
3.158,1.674328616391169,1.1058037401610636,0.0051918013341603775,0.9076430631257683,0.07135560384229243,63.55911667860347,0.22691076578144206
3.16,1.664988113767266,1.0996348419917432,0.005203440961558918,0.9025874843019073,0.07121887030158519,63.621473035626025,0.22564687107547682
3.162,1.6558014906942735,1.0935675729657495,0.005214864521321516,0.897615190860058,0.07108479810864432,63.683614254498515,0.2244037977150145
3.164,1.646769304815898,1.087602301376672,0.005226069992257319,0.8927264846157897,0.07095340584389502,63.745539133136774,0.22318162115394743
3.166,1.6378921044012518,1.0817393893266867,0.005237055388606603,0.8879216623107286,0.0708247118965316,63.80724647364155,0.22198041557768214
3.168,1.629170428311557,1.075979192704565,0.005247818759705941,0.8832010155945379,0.07069873446239473,63.86873508232183,0.22080025389863447
3.17,1.6206048059674512,1.0703220611640822,0.005258358189661251,0.8785648310072233,0.07057549154186396,63.93000376971769,0.21964120775180582
3.172,1.6121957573168357,1.064768338102782,0.005268671797028554,0.874013389961731,0.07045500093776504,63.99105135062361,0.21850334749043274
3.174,1.6039437928033269,1.0593183606411396,0.005278757734502275,0.8695469687268718,0.07033728025329275,64.05187664411113,0.21738674218171794
3.176,1.5958494133352648,1.053972459602096,0.005288614188610947,0.8651658384105506,0.07022234688994955,64.11247847355185,0.21629145960263765
3.178,1.5879131102553072,1.0487309594909742,0.005298239379420125,0.8608702649433071,0.07011021804549976,64.17285566664015,0.21521756623582677
3.18,1.5801353653106032,1.0435941784757812,0.005307631560242385,0.8566605090621747,0.0700009107119403,64.23300705541583,0.21416512726554368
3.182,1.5725166506235562,1.0385624283678987,0.005316789017354196,0.8525368262948563,0.0698944416734878,64.29293147628675,0.21313420657371407
3.184,1.5650574286631564,1.0336360146031505,0.005325710069719569,0.848499466944209,0.0697908275045822,64.35262777005138,0.21212486673605224
3.186,1.55775815221692,1.0288152362232674,0.005334393068720263,0.8445486760730556,0.06969008456790761,64.41209478192108,0.2111371690182639
3.188,1.5506192643633872,1.0241003858577271,0.0053428363978924405,0.8406846934893029,0.06959222901243012,64.47133136154264,0.21017117337232571
3.19,1.5436411984452503,1.0194917497060032,0.005351038472669588,0.8369077537313946,0.06949727677145336,64.53033636302027,0.20922693843284865
3.192,1.5368243780430235,1.0149896075201783,0.005358997740131554,0.8332180860540628,0.06940524356069137,64.58910864493808,0.2083045215135157
3.194,1.5301692169493493,1.0105942325879729,0.005366712678759558,0.829615914414422,0.06931614487635991,64.64764707038188,0.2074039786036055
3.196,1.523676119143869,1.006305891716151,0.005374181798197023,0.8261014574583676,0.0692299959932856,64.70595050696136,0.2065253643645919
3.198,1.5173454787687128,1.0021248452143292,0.005381403639016075,0.8226749285073118,0.06914681196303393,64.76401782683189,0.20566873212682796
3.2,1.5111776801045593,0.9980513468791684,0.005388376772489566,0.8193365355452249,0.06906660761205535,64.8218479067164,0.20483413388630622
3.202,1.5051730975473234,0.9940856439789761,0.005395099800368481,0.8160864812060201,0.06898939753985106,64.87943962792707,0.20402162030150503
3.204,1.4993320955854206,0.9902279772386907,0.005401571354664594,0.812924962761247,0.0689151961171575,64.93679187638698,0.20323124069031176
3.206,1.4936550287776469,0.9864785808252727,0.005407790097438212,0.8098521721081209,0.06884401748415038,64.99390354265167,0.20246304302703022
3.208,1.4881422417316508,0.9828376823334859,0.005413754720590909,0.8068682957578704,0.0687758755486683,65.05077352193061,0.2017170739394676
3.21,1.482794069083023,0.9793055027720886,0.0054194639456630654,0.8039735148244213,0.06871078398445661,65.10740071410851,0.2009933787061053
3.212,1.477610835474975,0.9758822565504109,0.005424916523636135,0.8011680050133974,0.06864875622943098,65.16378402376674,0.20029200125334934
3.214,1.4725928555386416,0.9725681514653466,0.005430111234739471,0.79845193661146,0.0685898054839616,65.21992236020434,0.199612984152865
3.216,1.4677404338739723,0.9693633886887325,0.005435046888261605,0.795825474475967,0.06853394470917784,65.27581463745925,0.19895636861899174
3.218,1.4630538650312503,0.9662681627551435,0.005439722322365843,0.7932887780249692,0.06848118662529383,65.33145977432926,0.1983221945062423
3.22,1.458533433493209,0.96328266155008,0.005444136403910078,0.7908420012275327,0.06843154370995513,65.38685669439296,0.19771050030688317
3.222,1.4541794136577628,0.960407066298564,0.005448288028270669,0.7884852925943912,0.06838502819660636,65.44200432603053,0.1971213231485978
3.224,1.4499920698213506,0.9576415515541375,0.0054521761191703025,0.7862187951689323,0.0683416520728807,65.4969016024445,0.19655469879223308
3.226,1.4459716561628968,0.9549862851882701,0.0054557996285097,0.7840426465185166,0.06830142707901093,65.55154746168031,0.19601066162962916
3.228,1.442118416728374,0.9524414283801631,0.005459157536203075,0.7819569787261226,0.06826436470626238,65.60594084664703,0.19548924468153064
3.23,1.438432585415999,0.9500071356069726,0.0054622488500172175,0.779961918382335,0.06823047619538788,65.66008070513755,0.19499047959558374
3.232,1.4349143859620248,0.9476835546344256,0.005465072605414117,0.7780575865776542,0.06819977253510552,65.71396598984921,0.19451439664441356
3.234,1.4315640319271694,0.9454708265078575,0.005467627865397002,0.7762440988951532,0.0681722644605983,65.76759565840379,0.1940610247237883
3.236,1.4283817266836432,0.9433690855436433,0.005469913720359718,0.7745215654034543,0.06814796245203712,65.82096867336796,0.19363039135086357
3.238,1.42536766340281,0.9413784593210494,0.00547192928793931,0.7728900906500527,0.06812687673312633,65.87408400227305,0.19322252266251316
3.24,1.4225220250434576,0.9394990686744868,0.005473673712871762,0.7713497736549684,0.06810901726967276,65.92694061763528,0.1928374434137421
3.242,1.4198449843406953,0.937731027686178,0.005475146166850751,0.7699007079047366,0.06809439376817786,65.97953749697548,0.19247517697618416
3.244,1.417336703795465,0.9360744436792301,0.0054763458483893645,0.768542981346732,0.06808301567445345,66.03187362283893,0.192135745336683
3.246,1.4149973356646794,0.9345294172111214,0.005477271982684662,0.7672766763838307,0.06807489217226138,66.08394798281498,0.19181916909595767
3.248,1.4128270219519807,0.933096042067598,0.00547792382148501,0.7661018698694089,0.06807003218197696,66.13575956955678,0.19152546746735222
3.25,1.410825894399117,0.9317744052569784,0.005478300642960116,0.7650186331026764,0.06806844435927657,66.18730738080055,0.1912546582756691
3.2520000000000002,1.4089940744779479,0.9305645870048742,0.005478401751573647,0.7640270318243496,0.06807013709384954,66.23859041938522,0.1910067579560874
3.254,1.4073316733830714,0.9294666607493196,0.0054782264779583935,0.7631271262126615,0.0680751185081347,66.28960769327144,0.19078178155316539
3.2560000000000002,1.4058387920250734,0.9284806931363138,0.005477774178793866,0.7623189708797079,0.06808339645608136,66.34035821556105,0.19057974271992698
3.258,1.4045155210244018,0.927606744015774,0.005477044236686278,0.7616026148681321,0.06809497852193531,66.39084100451595,0.19040065371703302
3.2600000000000002,1.4033619407058662,0.9268448664379051,0.00547603606005082,0.7609781016481499,0.06810987201904992,66.44105508357723,0.19024452541203749
3.262,1.4023781210937614,0.9261951066499764,0.005474749082996173,0.7604454691149082,0.06812808398872204,66.49099948138394,0.19011136727872704
3.2640000000000002,1.4015641219076196,0.9256575040935177,0.005473182765211174,0.7600047495861872,0.06814962119905395,66.54067323179206,0.1900011873965468
3.266,1.4009199925585805,0.925232091401922,0.005471336591853587,0.7596559698004375,0.06817449014384014,66.59007537389297,0.18991399245010937
3.2680000000000002,1.400445772146396,0.9249188943984659,0.0054692100734409,0.759399150915157,0.06820269704148026,66.63920495203222,0.18984978772878924
3.27,1.400141489457055,0.9247179320947427,0.005466802745743096,0.759234308505607,0.06823424783391774,66.68806101582793,0.18980857712640176
3.2720000000000002,1.4000071629610358,0.9246292166895069,0.005464114169677333,0.7591614525638667,0.0682691481856045,66.73664262018916,0.18979036314096667
3.274,1.4000428008121872,0.9250817087855705,0.0054611439312044745,0.7595323307661704,0.06832106135792332,66.78494882533423,0.1898830826915426
3.2760000000000002,1.4002484008472302,0.9258219081227004,0.005457891641227417,0.7601390729016907,0.06838193905498846,66.83297869680896,0.19003476822542267
3.278,1.400623950585891,0.9266742873450873,0.005454356935491171,0.7608377465421983,0.06844620048215652,66.88073130550454,0.19020943663554957
3.2800000000000002,1.4011694272316602,0.9276387947118576,0.005450539474484614,0.7616283092626598,0.06851384882817393,66.92820572767579,0.19040707731566495
3.282,1.4018847976731728,0.9287153716757661,0.0054464389433439035,0.762510713060163,0.06858488699643527,66.97540104495876,0.19062767826504076
3.2840000000000003,1.402770018486222,0.9299039528867533,0.005442055051757479,0.763484904356834,0.0686593176042224,67.02231634438868,0.1908712260892085
3.286,1.403825035936392,0.9312044661959089,0.005437387533872605,0.7645508240030859,0.06873714298197063,67.06895071841754,0.19113770600077148
3.2880000000000003,1.4050497859823223,0.9326168326598548,0.005432436148203431,0.7657084072812135,0.0688183651725628,67.11530326493168,0.19142710182030337
3.29,1.406444194279594,0.9341409665455345,0.005427200677540507,0.7669575839093179,0.06890298593065086,67.16137308726917,0.19173939597732947
3.2920000000000003,1.4080081761852405,0.9357767753354174,0.005421680928861724,0.7682982780455756,0.06899100672200555,67.20715929423727,0.1920745695113939
3.294,1.4097416367628897,0.9375241597331163,0.005415876733244644,0.7697304082928413,0.06908242872289388,67.25266100012955,0.19243260207321033
3.2960000000000003,1.4116444707885245,0.9393830136694147,0.0054097879457801696,0.7712538877035906,0.06917725281948485,67.29787732474313,0.19281347192589765
3.298,1.413716562756869,0.9413532243087032,0.0054034144454875475,0.7728686237851952,0.06927547960728309,67.34280739339562,0.1932171559462988
3.3000000000000003,1.4159577868884028,0.943434672055832,0.005396756135230633,0.7745745185055404,0.06937710939059114,67.38745033694212,0.1936436296263851
3.302,1.418368007136993,0.9456272305633675,0.005389812941635426,0.7763714682989743,0.06948214218199972,67.43180529179193,0.19409286707474357
3.3040000000000003,1.4209470771981543,0.9479307667392642,0.0053825848150088245,0.7782593640725951,0.06959057770190695,67.47587139992541,0.19456484101814878
3.306,1.4236948405179293,0.9503451407549418,0.00537507172925858,0.7802380912128738,0.06970241537806571,67.51964780891035,0.19505952280321845
3.3080000000000003,1.4266111303023916,0.9528702060537743,0.005367273681814421,0.7823075295926115,0.06981765434515994,67.56313367191873,0.19557688239815288
3.31,1.4296957695277699,0.9555058093599845,0.005359190693550342,0.7844675535782302,0.06993629344440949,67.60632814774287,0.19611688839455754
3.3120000000000003,1.4329485709511975,0.9582517906879529,0.0053508228087080145,0.7867180320374039,0.07005833122320423,67.64923040081187,0.19667950800935097
3.314,1.43636933712207,0.9611079833519208,0.005342170094821315,0.7890588283470116,0.0701837659347663,67.69183960120763,0.1972647070867529
3.3160000000000003,1.4399578603940406,0.9640742139761171,0.005333232642641948,0.7914898004014375,0.07031259553784229,67.73415492468106,0.19787245010035936
3.318,1.443713922937617,0.9671503025052762,0.0053240105660661554,0.7940108006211934,0.07044481769642365,67.77617555266785,0.19850270015529836
3.3200000000000003,1.44763729675339,0.9703360622155724,0.005314504002062503,0.7966216759618803,0.07058042977949686,67.81790067230446,0.19915541899047007
3.322,1.4517277436858649,0.973631299725948,0.005304713110600715,0.7993222679234735,0.07071942886082228,67.85932947644375,0.19983056698086837
3.3240000000000003,1.45598501543793,0.9770358150098603,0.0052946380745815666,0.8021124125599519,0.07086181171874288,67.90046116367066,0.20052810313998798
3.326,1.4604088535859165,0.9805494014074155,0.005284279099767829,0.8049919404892425,0.07100757483602149,67.9412949383176,0.20124798512231062
3.3280000000000003,1.464998989595297,0.9841718456379208,0.005273636414716252,0.8079606769035099,0.07115671439970833,67.98183001048001,0.20199016922587748
3.33,1.4697551448369737,0.9879029278128226,0.0052627102707105905,0.81101844157976,0.07130922630103706,68.02206559603148,0.20275461039494
3.332,1.4746770306042007,0.9917424214490617,0.005251500941695676,0.8141650488907864,0.07146510613535108,68.06200091663902,0.2035412622226966
3.334,1.47976434813011,0.9956900934828191,0.005240008724212522,0.8174003078164381,0.07162434920205903,68.1016351997781,0.20435007695410953
3.336,1.4850167886058343,0.9997457042836568,0.005228233937334507,0.8207240219552085,0.0717869505046195,68.14096767874751,0.20518100548880214
3.338,1.4904340331992694,1.0039090076690753,0.005216176922604586,0.8241359895361675,0.07195290475055613,68.17999759268434,0.20603399738404188
3.34,1.4960157530744147,1.008179750919447,0.005203838043973595,0.827636003431202,0.07212220635150167,68.21872418657856,0.2069090008578005
3.342,1.5017616094113433,1.012557674793365,0.005191217687739629,0.8312238511675948,0.07229484942327208,68.25714671128772,0.2078059627918987
3.344,1.50767125342676,1.0170425135433707,0.0051783162624885175,0.8348993149409171,0.07247082778597003,68.29526442355134,0.20872482873522927
3.346,1.5137443263951826,1.0216339949320952,0.00516513419903543,0.8386621716282558,0.07265013496411858,68.33307658600545,0.20966554290706396
3.348,1.5199804596707092,1.0263318402487753,0.0051516719503676,0.8425121928017532,0.07283276418682404,68.37058246719667,0.2106280482004383
3.35,1.5263792747093998,1.0311357643261776,0.005137929991588233,0.8464491447424756,0.07301870838796905,68.40778134159649,0.2116122861856189
3.352,1.532940383092251,1.0360454755579043,0.005123908819861597,0.8504727884545988,0.07320796020643507,68.44467248961523,0.2126181971136497
3.354,1.5396633865487828,1.0410606759161019,0.0051096089543593275,0.8545828796799221,0.07340051198635518,68.48125519761604,0.21364571991998052
3.356,1.546547876981199,1.04618106096954,0.005095030936208002,0.8587791689126857,0.07359635577739597,68.5175287579286,0.21469479222817142
3.358,1.5535934364891766,1.0514063199021038,0.005080175328437994,0.8630614014147268,0.07379548333506984,68.5534924688629,0.2157653503536817
3.36,1.5607996373952175,1.0567361355316498,0.0050650427159336705,0.8674293172309337,0.0739978861210766,68.58914563472274,0.21685732930773344
3.362,1.5681660422706234,1.0621701843292697,0.005049633705384962,0.8718826512050364,0.0742035553036755,68.62448756581931,0.2179706628012591
3.364,1.5756922039620354,1.0677081364389192,0.005033948925240358,0.8764211329956915,0.07441248175808615,68.65951757848431,0.21910528324892287
3.366,1.583377665618585,1.0733496556974471,0.0050179890256613876,0.8810444870928996,0.07462465606692009,68.69423499508346,0.2202611217732249
3.368,1.5912219607196227,1.0790943996549989,0.00500175467847863,0.8857524328347282,0.07484006852064153,68.72863914402936,0.22143810820868204
3.37,1.5992246131030425,1.084942019595807,0.004985246577149319,0.8905446844243505,0.07505870911805827,68.76272935979463,0.22263617110608763
3.372,1.607385136994174,1.0908921605593522,0.004968465436716623,0.8954209509473892,0.07528056756684177,68.79650498292472,0.2238552377368473
3.374,1.6157030370352836,1.0969444613619186,0.004951411993770641,0.9003809363895827,0.07550563328407764,68.82996536005068,0.22509523409739568
3.376,1.6241778083156293,1.1030985546185081,0.004934087006411216,0.9054243396547468,0.07573389539684497,68.86310984390182,0.2263560849136867
3.378,1.6328089364021263,1.109354066765154,0.0049164912542126425,0.9105508545830614,0.07596534274282629,68.89593779331821,0.22763771364576535
3.38,1.6415958973705516,1.11571061808158,0.00489862553819034,0.9157601699696416,0.07619996387094582,68.92844857326304,0.2289400424924104
3.382,1.6505381578373735,1.1221678227142693,0.004880490680769599,0.9210519695834465,0.07643774704203894,68.96064155483506,0.23026299239586162
3.384,1.6596351749921054,1.1287252886998702,0.004862087525756503,0.9264259321864591,0.07667868022954934,68.99251611528052,0.23160648304661477
3.386,1.6688863966302747,1.1353826179890016,0.0048434169383111065,0.9318817315531992,0.07692275112025734,69.02407163800538,0.2329704328882998
3.388,1.6782912611869225,1.1421394064704014,0.004824479804923019,0.9374190364905143,0.07716994711503622,69.05530751258722,0.23435475912262857
3.39,1.6878491977707137,1.1489952439954736,0.004805277033389476,0.9430375108576968,0.0774202553296391,69.08622313478698,0.2357593777144242
3.392,1.6975596261985717,1.1559497144031696,0.004785809552796054,0.9487368135868778,0.07767366259551407,69.11681790656068,0.23718420339671945
3.394,1.7074219570309066,1.1630023955452584,0.004766078313500151,0.9545165987037365,0.07793015546064945,69.14709123607106,0.23862914967593413
3.396,1.7174355916073922,1.170152859311949,0.0047460842871173805,0.9603765153485001,0.07818972019044763,69.1770425376989,0.24009412883712503
3.398,1.7275999220833114,1.1774006716578813,0.004725828466511029,0.966316207797246,0.07845234276862846,69.20667123205442,0.2415790519493115
3.4,1.7379143314664407,1.1847453926284646,0.00470531186578475,0.9723353154834867,0.07871800889816116,69.23597674598852,0.24308382887087168
3.402,1.7483781936545204,1.1921865763865955,0.004684535520278652,0.9784334730200686,0.07898670400222602,69.26495851260383,0.24460836825501714
3.404,1.7589908734732398,1.1997237712397084,0.004663500486568992,0.9846103102213396,0.07925841322520383,69.2936159712656,0.2461525775553349
3.406,1.7697517267148142,1.2073565196672067,0.004642207842471632,0.990865452125633,0.07953312143369554,69.32194856761272,0.24771636303140826
3.408,1.7806601001770714,1.2150843583482238,0.00462065868704951,0.9971985190180183,0.07981081321756925,69.34995575356828,0.24929962975450456
3.41,1.7917153317031123,1.2229068181897529,0.004598854140624312,1.003609126453356,0.08009147289103682,69.37763698735024,0.250902281613339
3.412,1.8029167502214998,1.230823424355121,0.004576795344792612,1.0100968852796326,0.0803750844937586,69.40499173348195,0.25252422131990815
3.414,1.8142636757870054,1.238833696292817,0.004554483462446693,1.0166614016615894,0.08066163179197691,69.43201946280244,0.25416535041539734
3.416,1.8257554196218626,1.2469371477656506,0.004531919677800364,1.0233022771046172,0.08095109827967722,69.45871965247667,0.2558255692761543
3.418,1.8373912841575997,1.2551332868802807,0.004509105196420014,1.0300191084789596,0.0812434671797786,69.48509178600567,0.2575047771197399
3.42,1.8491705630773623,1.2634216161170626,0.004486041245261234,1.0368114880441714,0.08153872144535111,69.5111353532365,0.25920287201104286
3.422,1.8610925413588106,1.2718016323602617,0.0044627290727113,1.043679003473884,0.08183684376086264,69.53684985037215,0.260919750868471
3.424,1.8731564953174906,1.280272826928572,0.004439169948637907,1.050621237880814,0.08213781654345198,69.56223477998128,0.2626553094702035
3.426,1.8853616926508026,1.2888346856060222,0.0044153651644444555,1.0576377698420947,0.08244162194423153,69.58728965100784,0.26440944246052367
3.428,1.897707392482418,1.2974866886731644,0.004391316033132337,1.0647281734248348,0.08274824184961609,69.6120139787805,0.2661820433562087
3.43,1.9101928454072783,1.30622831093864,0.004367023889370588,1.0718920182119924,0.08305765788268048,69.63640728502219,0.2679730045529981
3.432,1.9228172935370613,1.3150590217710436,0.004342490089573383,1.079128869328484,0.08336985140454342,69.66046909785915,0.269782217332121
3.434,1.9355799705462113,1.3239782851311503,0.004317716011985819,1.0864382874676006,0.08368480351578003,69.68419895183024,0.27160957186690016
3.436,1.9484801017184343,1.33298555960444,0.004292703056778499,1.0938198289176615,0.08400249505786028,69.70759638789582,0.2734549572294154
3.438,1.9615169039937357,1.3420802984339681,0.004267452646151446,1.101273045588954,0.08432290661461529,69.73066095344667,0.2753182613972385
3.44,1.974689586015951,1.3512619495535545,0.004241966224447919,1.108797485040932,0.0846460185137301,69.75339220231278,0.277199371260233
3.442,1.9879973481807898,1.3605299556212986,0.004216245258278733,1.1163926905096864,0.08497181082826387,69.77578969477189,0.2790981726274216
3.444,2.0014393826843544,1.3698837540533997,0.004190291236657747,1.1240582009356594,0.08530026337819538,69.79785299755812,0.28101455023391486
3.446,2.015014873572201,1.3793227770583225,0.004164105671149198,1.1317935509916475,0.08563135573199677,69.81958168387028,0.28294838774791187
3.448,2.02872299678884,1.3888464516712453,0.004137690096027632,1.1395982711110315,0.08596506720823181,69.84097533338009,0.2848995677777579
3.45,2.042562920227792,1.398454199788862,0.0041110460684512145,1.1474718875162986,0.08630137687718198,69.86203353224037,0.28686797187907465
3.452,2.0565338037820533,1.408145438204443,0.004084175168649299,1.1554139222477786,0.08664026356249678,69.88275587309305,0.28885348056194465
3.454,2.0706347993951426,1.4179195786432728,0.004057079000125111,1.163423893192684,0.08698170584287206,69.903141955077,0.290855973298171
3.456,2.0848650511125375,1.4277760277983298,0.004029759189874573,1.1715013141143529,0.08732568205375175,69.92319138383584,0.2928753285285882
3.458,2.099223695133661,1.43771418736632,0.004002217388622272,1.1796456946817802,0.08767217028905704,69.94290377152554,0.29491142367044504
3.46,2.1137098598642936,1.4477334540839817,0.003974455271075721,1.1878565404993697,0.08802114840293931,69.9622787368219,0.29696413512484243
3.462,2.1283226659695016,1.457833219764718,0.003946474536199075,1.1961333531369578,0.08837259401155964,69.981315904928,0.29903333828423945
3.464,2.1430612264269917,1.4680128713354985,0.003918276907507629,1.2044756301600552,0.08872648449489205,70.00001490758132,0.3011189075400138
3.466,2.1579246465809834,1.4782717908740945,0.0038898641333844405,1.2128828651603627,0.0890827969985527,70.01837538306103,0.3032207162900907
3.468,2.1729120241964743,1.4886093556465594,0.003861237987420595,1.2213545477864882,0.08944150843565245,70.03639697619487,0.30533863694662206
3.47,2.188022449514058,1.4990249381450649,0.0038324002687806715,1.2298901637749544,0.08980259548867546,70.05407933836602,0.3074725409437386
3.472,2.2032550053051043,1.5095179061259594,0.0038033528025951686,1.2384891949813919,0.09016603461138027,70.07142212751995,0.30962229874534797
3.474,2.218608766927469,1.5200876226481712,0.0037740974403816874,1.2471511194120077,0.09053180203072661,70.0884250081709,0.31178777985300193
3.476,2.2340828023815917,1.5307334461118507,0.0037446360604969134,1.2558754112552584,0.09089987374882451,70.10508765140847,0.3139688528138146
3.478,2.2496761723671015,1.5414547302973374,0.0037149705686214873,1.2646615409137834,0.09127022554490874,70.12140973490392,0.31616538522844584
3.48,2.2653879303398043,1.5522508244043685,0.0036851028982801226,1.2735089750365367,0.09164283297733487,70.13739094291645,0.3183772437591342
3.482,2.2812171225691595,1.5631210730915934,0.0036550350113994288,1.282417176551174,0.09201767138560045,70.15303096629928,0.3206042941377935
3.484,2.29716278819616,1.57406481651635,0.003624768898906154,1.2913856046966472,0.09239471589238765,70.16832950250566,0.3228464011741618
3.486,2.313223959291677,1.5850813903747267,0.0035943065813687403,1.3004137150560386,0.09277394140563015,70.18328625559468,0.32510342876400966
3.488,2.3293996609151884,1.596170125941871,0.0035636501096853604,1.309500959589596,0.09315532262060125,70.197900936237,0.327375239897399
3.49,2.3456889111739856,1.6073303501126008,0.0035328015658218034,1.3186467866680136,0.09353883402202585,70.21217326172052,0.3296616966670034
3.492,2.3620907212827524,1.618561385442244,0.0035017630636029404,1.327850641105903,0.09392444988621326,70.22610295595574,0.33196266027647575
3.494,2.378604095623615,1.629862550187783,0.0034705367495617132,1.3371119641955111,0.09431214428321337,70.2396897494812,0.3342779910488778
3.496,2.395228031806532,1.6412331583492068,0.00343912480385003,1.3464301937406116,0.09470189107899293,70.25293337946859,0.3366075484351529
3.498,2.4119615207301983,1.6526725197111884,0.003407529441216206,1.3558047640906594,0.09509366393763546,70.26583358972793,0.33895119102266486
3.5,2.42880354664325,1.6641799398849513,0.0033757529120541133,1.3652351061751022,0.09548743632356026,70.27839013071248,0.34130877654377556
3.5020000000000002,2.4457530872059587,1.6757547203504428,0.003343797503529538,1.3747206475379448,0.0958831815037645,70.29060275952358,0.3436801618844862
3.504,2.462809113552257,1.6873961584987165,0.003311665540789806,1.3842608123724787,0.09628087255008426,70.30247123991532,0.34606520309311967
3.5060000000000002,2.4799705903522242,1.6991035476745993,0.0032793593882632253,1.393855021556254,0.0966804823414781,70.31399534229915,0.3484637553890635
3.508,2.4972364758749017,1.7108761772195686,0.0032468814510555224,1.4035026926862162,0.09708198356632923,70.32517484374831,0.35087567317155405
3.5100000000000002,2.514605722051562,1.7227133325149133,0.003214234176451038,1.4132032401140782,0.09748534872476944,70.33600952800211,0.35330081002851954
3.512,2.5320772745392834,1.7346142950250805,0.0031814200555272407,1.422956074981845,0.09789055013102105,70.34649918547015,0.35573901874546127
3.5140000000000002,2.5496500727850027,1.7465783423413286,0.003148441624891807,1.4327606052575879,0.09829755991576078,70.35664361323639,0.35819015131439697
3.516,2.567323050089846,1.7586047482255471,0.003115301468552476,1.442616235771358,0.09870635002850084,70.36644261506301,0.3606540589428395
3.5180000000000002,2.585095133673917,1.7706927826543655,0.0030820022199307697,1.452522368251333,0.0991168922399908,70.37589600139428,0.36313059206283327
3.52,2.6029652447413816,1.7828417118634432,0.0030485465640317806,1.4624784013601149,0.09952915814463704,70.38500358936015,0.3656196003400287
3.5220000000000002,2.6209322985459873,1.7950507983920352,0.0030149372397833465,1.472483730731253,0.09994311916294221,70.39376520277989,0.36812093268281326
3.524,2.6389952044568785,1.8073193011277346,0.0029811770425593014,1.4825377490059124,0.10035874654396175,70.40218067216537,0.3706344372514781
3.5260000000000002,2.6571528660248176,1.8196464753514727,0.002947268826902848,1.492639845869752,0.10077601136777938,70.41024983472447,0.373159961467438
3.528,2.6754041810487332,1.8320315727827183,0.002913215509467758,1.502789408089967,0.10119488454800013,70.4179725343641,0.37569735202249177
3.5300000000000002,2.6937480416426407,1.8444738416249113,0.002879020072196831,1.5129858195525232,0.10161533683426142,70.42534862169335,0.3782464548881308
3.532,2.7121833343028663,1.8569725266110773,0.0028446855657590737,1.5232284612995395,0.10203733881476028,70.43237795402628,0.38080711532488487
3.5340000000000003,2.730708939975668,1.869526869049698,0.002810215113269178,1.5335167115668797,0.10246086091879948,70.43906039538469,0.38337917789171994
3.536,2.7493237341251344,1.882136106870741,0.002775611914315404,1.5438499458218766,0.10288587341934839,70.44539581650083,0.38596248645546916
3.5380000000000003,2.7680265868014824,1.8947994746719437,0.002740879249324638,1.5542275368012608,0.10331234643562244,70.45138409481983,0.3885568842003152
3.54,2.7868163627095957,1.9075162037652424,0.002706020484296496,1.5646488545492125,0.10374024993567656,70.45702511450206,0.39116221363730314
3.5420000000000003,2.805691921277999,1.9202855222234714,0.002671039075941698,1.5751132664556313,0.10416955373901715,70.46231876642543,0.39377831661390783
3.544,2.8246521167280436,1.933106654927187,0.0026359385772638166,1.5856201372945113,0.1046002275192274,70.46726494818743,0.39640503432362784
3.5460000000000003,2.8436957981434907,1.9459788236117423,0.0026007226436277086,1.5961688292625196,0.10503224080660964,70.47186356410721,0.3990422073156299
3.548,2.8628218095403484,1.95890124691451,0.0025653950393627924,1.606758702017695,0.10546556299084181,70.4761145252273,0.40168967550442375
3.5500000000000003,2.882028989937068,1.9718731404223304,0.002529959644954659,1.6173891127183362,0.10590016332364963,70.48001774931546,0.40434727817958405
3.552,2.901316173424988,1.984893716719109,0.0024944204648846106,1.628059416062006,0.10633601092149235,70.48357316086619,0.4070148540155015
3.5540000000000003,2.920682189239144,1.9979621854336356,0.0024587816361834576,1.6387689643247227,0.10677307476826406,70.48678069110218,0.4096922410811807
3.556,2.940125861829285,2.011077753287528,0.002423047437773649,1.6495171074002495,0.10721132371800729,70.48964027797572,0.41237927685006237
3.5580000000000003,2.9596460109312908,2.024239624143428,0.002387222300682357,1.6603031928395935,0.10765072649764237,70.49215186616985,0.4150757982098984
3.56,2.979241451638764,2.03744699905329,0.002351310819217993,1.6711265658905785,0.10809125170970818,70.4943154070994,0.4177816414726446
3.5620000000000003,2.9989109944749974,2.0506990763069064,0.002315317763213552,1.6819865695376142,0.10853286783511769,70.496130858912,0.42049664238440354
3.564,3.018653445465139,2.0639950514805494,0.002279248091452722,1.6928825445415583,0.10897554323592482,70.49759818648882,0.42322063613538957
3.5660000000000003,3.038467606208706,2.0773341174858246,0.0022431069664087364,1.703813829479752,0.10941924615810535,70.49871736144532,0.425953457369938
3.568,3.058352273952296,2.0907154646186403,0.0022068997704419685,1.7147797607861552,0.10986394473434864,70.4994883621317,0.4286949401965388
3.5700000000000003,3.0783062416626183,2.1041382806083746,0.0021706321236203527,1.7257796727916346,0.11030960698686217,70.49991117363345,0.43144491819790864
3.572,3.098328298099749,2.117601750667168,0.00213430990334729,1.7368128977643666,0.11075620083018733,70.49998578777155,0.43420322444109166
3.5740000000000003,3.118417227890678,2.131105057539401,0.002097939266005016,1.7478787659503794,0.11120369407402714,70.49971220310259,0.43696969148759485
3.576,3.138571811603047,2.144647381551278,0.002061526670847971,1.758976605614193,0.11165205442608357,70.49909042491893,0.4397441514035482
3.5780000000000003,3.158790825819215,2.1582279006606107,0.002025078906410785,1.7701057430796128,0.1121012494949075,70.49812046524849,0.4425264357699032
3.58,3.1790730432104777,2.171845790506689,0.001988603119729839,1.781265502770606,0.11255124679275709,70.49680234285456,0.4453163756926515
3.5820000000000003,3.1994172326116153,2.185500224460351,0.0019521068487162823,1.7924552072523292,0.11300201373846831,70.49513608323541,0.4481138018130823
3.584,3.2198221590955662,2.199190373674123,0.0019155980580627743,1.8036741772722227,0.11345351766033278,70.49312171862381,0.45091854431805567
3.586,3.2402865840484556,2.2129154071325745,0.0018790851791165393,1.8149217318012771,0.11390572579898797,70.49075928798644,0.4537304329503193
3.588,3.260809265244742,2.2266744917027363,0.00184257715420867,1.8261971880753503,0.1143586053103143,70.48804883702306,0.45654929701883756
3.59,3.2813889569226182,2.2404667921846713,0.0018060834859945764,1.8374998616366127,0.11481212326834171,70.48499041816572,0.4593749654091532
3.592,3.302024409859662,2.2542914713621913,0.001769614292434164,1.8488290663751117,0.1152662466681656,70.4815840905777,0.4622072665937779
3.594,3.322714371448628,2.2681476900536532,0.0017331803681237578,1.8601841145703972,0.11572094242886956,70.47782992015229,0.4650460286425993
3.596,3.343457585773527,2.282034607162927,0.0016967932527858364,1.8715643169332943,0.11617617739645764,70.47372797951168,0.46789107923332357
3.598,3.3642527936858047,2.2959513797304156,0.001660465307828556,1.8829689826477118,0.11663191834679239,70.4692783480054,0.47074224566192796
3.6,3.385098732880839,2.309897162984265,0.0016242098020054431,1.8943974194126132,0.11708813198854218,70.46448111170889,0.4735993548531533
3.602,3.4059941379745102,2.3238711103916097,0.001588041007337644,1.9058489334840094,0.11754478496613364,70.45933636342177,0.47646223337100235
3.604,3.426937740580052,2.337872373709981,0.0015519743066066437,1.9173228297170934,0.11800184386271216,70.45384420266608,0.47933070742927336
3.606,3.447928269385009,2.351900103038779,0.0015160263138846257,1.9288184116084188,0.11845927520310758,70.44800473568432,0.4822046029021047
3.608,3.468964450228443,2.365953446870882,0.0014802150097410827,1.9403349813381958,0.1189170454568069,70.44181807543745,0.48508374533454895
3.61,3.490045006178241,2.3800315521443105,0.0014445598929456566,1.9518718398126325,0.11937512104093169,70.43528434160267,0.4879679599531581
3.612,3.5111686576086685,2.3941335642940427,0.0014090821506734712,1.9634282867063952,0.11983346832322223,70.42840366057108,0.4908570716765988
3.614,3.5323341222779887,2.4082586273038435,0.001373804849403048,1.9750036205050858,0.1202920536250242,70.42117616544529,0.49375090512627146
3.616,3.5535401154063635,2.422405883758274,0.0013387531488658325,1.986597138547865,0.12075084322428387,70.4136019960368,0.4966492846369662
3.618,3.574785349753783,2.436574474894701,0.0013039545415427251,1.9982081370700708,0.12120980335854349,70.40568129886334,0.4995520342675177
3.62,3.596068535698249,2.450763540655449,0.0012694391202798464,2.0098359112459647,0.1216689002279444,70.39741422714599,0.5024589778114912
3.622,3.6173883813140164,2.464972219739989,0.0012352398765754927,2.0214797552314936,0.1221280999982308,70.38880094080622,0.5053699388078734
3.624,3.638743592450055,2.4791996496572395,0.0012013930319191646,2.0331389622071585,0.12258736880375987,70.37984160646285,0.5082847405517896
3.626,3.660132872808572,2.493444966777904,0.0011679384041682077,2.0448128244209003,0.12304667275051229,70.37053639742875,0.5112032061052251
3.628,3.681554924023721,2.5077073063869038,0.001134919810227839,2.0565006332310727,0.1235059779191074,70.36088549370754,0.5141251583077682
3.63,3.703008445740402,2.521985802735864,0.001102385505123329,2.0682016791494533,0.12396525036781997,70.35088908199015,0.5170504197873633
3.632,3.724492135693217,2.5362795890956757,0.0010703886557459827,2.0799152518843216,0.12442445613559953,70.34054735565103,0.5199788129710804
3.634,3.7460046897854857,2.5505877978090914,0.00103898784489898,2.091640640383558,0.12488356124509092,70.32986051474464,0.5229101600958895
3.636,3.767544802168445,2.56490956034341,0.0010082475974990167,2.1033771328778244,0.12534253170565696,70.31882876600145,0.5258442832194561
3.638,3.7891111653204748,2.579244007343181,0.000978238915597694,2.11512401692375,0.12580133351640138,70.30745232282392,0.5287810042309375
3.64,3.810702470126515,2.593590268683,0.0009490398019445181,2.126880579447206,0.12625993266919422,70.29573140528247,0.5317201448618015
3.642,3.83231740595747,2.6079474735202894,0.0009207357428190173,2.138646106786554,0.12671829515169503,70.2836662401111,0.5346615266966385
3.644,3.853954660749834,2.622314750348205,0.0008934201096206832,2.1504198847360043,0.12717638695037956,70.27125706070315,0.5376049711840011
3.646,3.8756129210852786,2.636691227048501,0.0008671944252803456,2.16220119858894,0.12763417405356312,70.25850410710665,0.540550299647235
3.648,3.8972908722704216,2.6510760309444934,0.0008421684264596164,2.1739893331813267,0.12809162245442612,70.24540762601974,0.5434973332953317
3.65,3.9189871984165943,2.665468288854014,0.000818459836985169,2.1857835729350987,0.12854869815403638,70.23196787078594,0.5464458932337747
3.652,3.9407005825197547,2.6798671271424332,0.0007961937543236049,2.197583201901619,0.12900536716437244,70.21818510138914,0.5493958004754047
3.654,3.9624297065403957,2.6942716717756703,0.0007755015427779468,2.2093875038051203,0.1294615955113438,70.20405958444864,0.5523468759512801
3.656,3.984173251483594,2.7086810483732746,0.0007565191295348194,2.2211957620862064,0.1299173492378109,70.18959159321403,0.5552989405215516
3.658,4.005929897479016,2.723094382261464,0.0007393846188269331,2.2330072599453157,0.13037259440660057,70.1747814075598,0.5582518149863289
3.66,4.027698323861108,2.737510798526266,0.0007242351813676803,2.2448212803862724,0.1308272971035223,70.15962931398002,0.5612053200965681
3.662,4.0494772092492015,2.7519294220665858,0.0007112032448350237,2.2566371062597756,0.13128142344037885,70.14413560558275,0.5641592765649439
3.664,4.071265231627769,2.766349377647357,0.0007004121055241201,2.268454020306959,0.13173493955797574,70.12830058208438,0.5671135050767397
3.666,4.093061068426631,2.7807697899526405,0.0006919711924083758,2.2802713052029038,0.13218781162912563,70.11212454980381,0.5700678263007259
3.668,4.11486339660128,2.795189783638789,0.000685971324302408,2.292088243600207,0.13264000586165076,70.0956078216566,0.5730220609000517
3.67,4.136670892713156,2.809608483387556,0.00068248038235106,2.303904118172507,0.13309148850138,70.07875071714885,0.5759760295431268
3.672,4.158482233010001,2.824025013959241,0.0006815398457285374,2.3157182116580364,0.13354222583514183,70.06155356237099,0.5789295529145091
3.674,4.180296093506202,2.838438500245813,0.0006831625882998862,2.3275298069031547,0.13399218419375303,70.04401668999158,0.5818824517257887
3.676,4.2021111500631845,2.852848067324047,0.000687332205955893,2.339338186905897,0.13444132995500238,70.02614043925074,0.5848345467264743
3.678,4.223926078469748,2.8672528405086033,0.0006940039588031722,2.3511426348594724,0.13488962954662778,70.00792515595373,0.5877856587148681
3.68,4.24573955452249,2.8816519454051557,0.0007031072082886391,2.3629424341958023,0.1353370494492897,69.98937119246413,0.5907356085489506
3.682,4.267550254106152,2.8960445079634405,0.0007145490518153103,2.374736868628991,0.13578355619953666,69.97047890769714,0.5936842171572477
3.684,4.289356853274034,2.910429654530337,0.0007282187426891042,2.386525222198836,0.1362291163927665,69.95124866711254,0.596631305549709
3.686,4.311158028328305,2.9248065119028706,0.0007439924476108964,2.398306779314253,0.13667369668617832,69.93168084270766,0.5995766948285632
3.688,4.332952455900419,2.939174207381253,0.0007617379314429505,2.410080824796749,0.13711726380172082,69.9117758130102,0.6025202061991872
3.69,4.3547388130313935,2.9535318688218255,0.0007813188474770633,2.4218466439238076,0.13755978452903025,69.89153396307088,0.6054616609809519
3.692,4.376515777252152,2.9678786246900244,0.0008025984226744524,2.4336035224722967,0.13800122572836326,69.870955684456,0.6084008806180742
3.694,4.398282026663763,2.98221360411326,0.00082544243623803,2.4453507467618008,0.1384415543335199,69.85004137523991,0.6113376866904502
3.696,4.420036240017725,2.9965359369338054,0.0008497214797402128,2.4570876036979645,0.13888073735476028,69.82879143999722,0.6142719009244911
3.698,4.441777096796131,3.0108447537615954,0.0008753125505664648,2.468813380815763,0.13931874188171103,69.80720628979503,0.6172033452039407
3.7,4.463503277291842,3.0251391860270105,0.0009021000677756516,2.480527366322755,0.13975553508626426,69.78528634218499,0.6201318415806888
3.702,0.0,0.0,0.0,2.120527366322755,0.0,20.0,0.0
3.704,0.0,0.0,0.0,1.7605273663227547,0.0,20.0,0.0
3.706,0.0,0.0,0.0,1.4005273663227549,0.0,20.0,0.0
3.708,0.0,0.0,0.0,1.040527366322755,0.0,20.0,0.0
3.71,0.0,0.0,0.0,0.6805273663227549,0.0,20.0,0.0
3.712,0.0,0.0,0.0,0.3205273663227549,0.0,20.0,0.0
3.714,0.0,0.0,0.0,0.0,0.0,20.0,0.0
3.716,0.0,0.0,0.0,0.0,0.0,20.0,0.0
3.718,0.0,0.0,0.0,0.0,0.0,20.0,0.0
3.72,0.0,0.0,0.0,0.0,0.0,20.0,0.0
3.722,0.0,0.0,0.0,0.0,0.0,20.0,0.0
3.724,0.0,0.0,0.0,0.0,0.0,20.0,0.0
3.726,0.0,0.0,0.0,0.0,0.0,20.0,0.0
3.728,0.0,0.0,0.0,0.0,0.0,20.0,0.0
3.73,0.0,0.0,0.0,0.0,0.0,20.0,0.0
3.732,0.0,0.0,0.0,0.0,0.0,20.0,0.0
3.734,0.0,0.0,0.0,0.0,0.0,20.0,0.0
3.736,0.0,0.0,0.0,0.0,0.0,20.0,0.0
3.738,0.0,0.0,0.0,0.0,0.0,20.0,0.0
3.74,0.0,0.0,0.0,0.0,0.0,20.0,0.0
3.742,0.0,0.0,0.0,0.0,0.0,20.0,0.0
3.744,0.0,0.0,0.0,0.0,0.0,20.0,0.0
3.746,0.0,0.0,0.0,0.0,0.0,20.0,0.0
3.748,0.0,0.0,0.0,0.0,0.0,20.0,0.0
3.75,0.0,0.0,0.0,0.0,0.0,20.0,0.0
3.7520000000000002,0.0,0.0,0.0,0.0,0.0,20.0,0.0
3.754,0.0,0.0,0.0,0.0,0.0,20.0,0.0
3.7560000000000002,0.0,0.0,0.0,0.0,0.0,20.0,0.0
3.758,0.0,0.0,0.0,0.0,0.0,20.0,0.0
3.7600000000000002,0.0,0.0,0.0,0.0,0.0,20.0,0.0
3.762,0.0,0.0,0.0,0.0,0.0,20.0,0.0
3.7640000000000002,0.0,0.0,0.0,0.0,0.0,20.0,0.0
3.766,0.0,0.0,0.0,0.0,0.0,20.0,0.0
3.7680000000000002,0.0,0.0,0.0,0.0,0.0,20.0,0.0
3.77,0.0,0.0,0.0,0.0,0.0,20.0,0.0
3.7720000000000002,0.0,0.0,0.0,0.0,0.0,20.0,0.0
3.774,0.0,0.0,0.0,0.0,0.0,20.0,0.0
3.7760000000000002,0.0,0.0,0.0,0.0,0.0,20.0,0.0
3.778,0.0,0.0,0.0,0.0,0.0,20.0,0.0
3.7800000000000002,0.0,0.0,0.0,0.0,0.0,20.0,0.0
3.782,0.0,0.0,0.0,0.0,0.0,20.0,0.0
3.7840000000000003,0.0,0.0,0.0,0.0,0.0,20.0,0.0
3.786,0.0,0.0,0.0,0.0,0.0,20.0,0.0
3.7880000000000003,0.0,0.0,0.0,0.0,0.0,20.0,0.0
3.79,0.0,0.0,0.0,0.0,0.0,20.0,0.0
3.7920000000000003,0.0,0.0,0.0,0.0,0.0,20.0,0.0
3.794,0.0,0.0,0.0,0.0,0.0,20.0,0.0
3.7960000000000003,0.0,0.0,0.0,0.0,0.0,20.0,0.0
3.798,0.0,0.0,0.0,0.0,0.0,20.0,0.0
3.8000000000000003,0.0,0.0,0.0,0.0,0.0,20.0,0.0
3.802,0.0,0.0,0.0,0.0,0.0,20.0,0.0
3.8040000000000003,0.0,0.0,0.0,0.0,0.0,20.0,0.0
3.806,0.0,0.0,0.0,0.0,0.0,20.0,0.0
3.8080000000000003,0.0,0.0,0.0,0.0,0.0,20.0,0.0
3.81,0.0,0.0,0.0,0.0,0.0,20.0,0.0
3.8120000000000003,0.0,0.0,0.0,0.0,0.0,20.0,0.0
3.814,0.0,0.0,0.0,0.0,0.0,20.0,0.0
3.8160000000000003,0.0,0.0,0.0,0.0,0.0,20.0,0.0
3.818,0.0,0.0,0.0,0.0,0.0,20.0,0.0
3.8200000000000003,0.0,0.0,0.0,0.0,0.0,20.0,0.0
3.822,0.0,0.0,0.0,0.0,0.0,20.0,0.0
3.8240000000000003,0.0,0.0,0.0,0.0,0.0,20.0,0.0
3.826,0.0,0.0,0.0,0.0,0.0,20.0,0.0
3.8280000000000003,0.0,0.0,0.0,0.0,0.0,20.0,0.0
3.83,0.0,0.0,0.0,0.0,0.0,20.0,0.0
3.8320000000000003,0.0,0.0,0.0,0.0,0.0,20.0,0.0
3.834,0.0,0.0,0.0,0.0,0.0,20.0,0.0
3.8360000000000003,0.0,0.0,0.0,0.0,0.0,20.0,0.0
3.838,0.0,0.0,0.0,0.0,0.0,20.0,0.0
3.84,0.0,0.0,0.0,0.0,0.0,20.0,0.0
3.842,0.0,0.0,0.0,0.0,0.0,20.0,0.0
3.844,0.0,0.0,0.0,0.0,0.0,20.0,0.0
3.846,0.0,0.0,0.0,0.0,0.0,20.0,0.0
3.848,0.0,0.0,0.0,0.0,0.0,20.0,0.0
3.85,0.0,0.0,0.0,0.0,0.0,20.0,0.0
3.852,0.0,0.0,0.0,0.0,0.0,20.0,0.0
3.854,0.0,0.0,0.0,0.0,0.0,20.0,0.0
3.856,0.0,0.0,0.0,0.0,0.0,20.0,0.0
3.858,0.0,0.0,0.0,0.0,0.0,20.0,0.0
3.86,0.0,0.0,0.0,0.0,0.0,20.0,0.0
3.862,0.0,0.0,0.0,0.0,0.0,20.0,0.0
3.864,0.0,0.0,0.0,0.0,0.0,20.0,0.0
3.866,0.0,0.0,0.0,0.0,0.0,20.0,0.0
3.868,0.0,0.0,0.0,0.0,0.0,20.0,0.0
3.87,0.0,0.0,0.0,0.0,0.0,20.0,0.0
3.872,0.0,0.0,0.0,0.0,0.0,20.0,0.0
3.874,0.0,0.0,0.0,0.0,0.0,20.0,0.0
3.876,0.0,0.0,0.0,0.0,0.0,20.0,0.0
3.878,0.0,0.0,0.0,0.0,0.0,20.0,0.0
3.88,0.0,0.0,0.0,0.0,0.0,20.0,0.0
3.882,0.0,0.0,0.0,0.0,0.0,20.0,0.0
3.884,0.0,0.0,0.0,0.0,0.0,20.0,0.0
3.886,0.0,0.0,0.0,0.0,0.0,20.0,0.0
3.888,0.0,0.0,0.0,0.0,0.0,20.0,0.0
3.89,0.0,0.0,0.0,0.0,0.0,20.0,0.0
3.892,0.0,0.0,0.0,0.0,0.0,20.0,0.0
3.894,0.0,0.0,0.0,0.0,0.0,20.0,0.0
3.896,0.0,0.0,0.0,0.0,0.0,20.0,0.0
3.898,0.0,0.0,0.0,0.0,0.0,20.0,0.0
3.9,0.0,0.0,0.0,0.0,0.0,20.0,0.0
3.902,0.0,0.0,0.0,0.0,0.0,20.0,0.0
3.904,0.0,0.0,0.0,0.0,0.0,20.0,0.0
3.906,0.0,0.0,0.0,0.0,0.0,20.0,0.0
3.908,0.0,0.0,0.0,0.0,0.0,20.0,0.0
3.91,0.0,0.0,0.0,0.0,0.0,20.0,0.0
3.912,0.0,0.0,0.0,0.0,0.0,20.0,0.0
3.914,0.0,0.0,0.0,0.0,0.0,20.0,0.0
3.916,0.0,0.0,0.0,0.0,0.0,20.0,0.0
3.918,0.0,0.0,0.0,0.0,0.0,20.0,0.0
3.92,0.0,0.0,0.0,0.0,0.0,20.0,0.0
3.922,0.0,0.0,0.0,0.0,0.0,20.0,0.0
3.924,0.0,0.0,0.0,0.0,0.0,20.0,0.0
3.926,0.0,0.0,0.0,0.0,0.0,20.0,0.0
3.928,0.0,0.0,0.0,0.0,0.0,20.0,0.0
3.93,0.0,0.0,0.0,0.0,0.0,20.0,0.0
3.932,0.0,0.0,0.0,0.0,0.0,20.0,0.0
3.934,0.0,0.0,0.0,0.0,0.0,20.0,0.0
3.936,0.0,0.0,0.0,0.0,0.0,20.0,0.0
3.938,0.0,0.0,0.0,0.0,0.0,20.0,0.0
3.94,0.0,0.0,0.0,0.0,0.0,20.0,0.0
3.942,0.0,0.0,0.0,0.0,0.0,20.0,0.0
3.944,0.0,0.0,0.0,0.0,0.0,20.0,0.0
3.946,0.0,0.0,0.0,0.0,0.0,20.0,0.0
3.948,0.0,0.0,0.0,0.0,0.0,20.0,0.0
3.95,0.0,0.0,0.0,0.0,0.0,20.0,0.0
3.952,0.0,0.0,0.0,0.0,0.0,20.0,0.0
3.954,0.0,0.0,0.0,0.0,0.0,20.0,0.0
3.956,0.0,0.0,0.0,0.0,0.0,20.0,0.0
3.958,0.0,0.0,0.0,0.0,0.0,20.0,0.0
3.96,0.0,0.0,0.0,0.0,0.0,20.0,0.0
3.962,0.0,0.0,0.0,0.0,0.0,20.0,0.0
3.964,0.0,0.0,0.0,0.0,0.0,20.0,0.0
3.966,0.0,0.0,0.0,0.0,0.0,20.0,0.0
3.968,0.0,0.0,0.0,0.0,0.0,20.0,0.0
3.97,0.0,0.0,0.0,0.0,0.0,20.0,0.0
3.972,0.0,0.0,0.0,0.0,0.0,20.0,0.0
3.974,0.0,0.0,0.0,0.0,0.0,20.0,0.0
3.976,0.0,0.0,0.0,0.0,0.0,20.0,0.0
3.978,0.0,0.0,0.0,0.0,0.0,20.0,0.0
3.98,0.0,0.0,0.0,0.0,0.0,20.0,0.0
3.982,0.0,0.0,0.0,0.0,0.0,20.0,0.0
3.984,0.0,0.0,0.0,0.0,0.0,20.0,0.0
3.986,0.0,0.0,0.0,0.0,0.0,20.0,0.0
3.988,0.0,0.0,0.0,0.0,0.0,20.0,0.0
3.99,0.0,0.0,0.0,0.0,0.0,20.0,0.0
3.992,0.0,0.0,0.0,0.0,0.0,20.0,0.0
3.994,0.0,0.0,0.0,0.0,0.0,20.0,0.0
3.996,0.0,0.0,0.0,0.0,0.0,20.0,0.0
3.998,0.0,0.0,0.0,0.0,0.0,20.0,0.0
